v_ego,v_followed,v_oncoming,dist_flw_m,dist_oncom_m,engine_power_kw,weight_kg,road_friction,target
61.89,80.4,64.33,46.38,126.66,110.42,2064.54,0.84,0
76.15,80.11,67.64,25.79,335.92,193.22,2755.42,0.36,0
59.19,107.44,85.25,32.48,826.51,317.75,2527.66,0.35,0
52.11,104.85,82.59,19.32,453.08,210.88,2035.49,0.34,0
95.46,77.85,99.09,38.29,369.61,274.4,1424.71,0.99,0
94.88,106.34,120.89,10.34,678.47,235.43,2426.13,0.88,0
108.24,46.68,95.35,41.36,554.72,150.81,1316.3,0.98,1
51.43,58.98,56.83,12.98,824.01,87.53,2225.2,0.22,1
84.42,50.0,88.44,32.09,558.11,336.92,1751.77,0.94,1
61.38,64.04,58.37,32.16,1178.12,108.3,2089.72,0.52,1
71.59,69.2,104.78,30.39,761.91,292.86,2454.42,0.5,0
67.65,98.45,62.77,12.53,1041.8,111.18,2580.76,0.29,1
86.86,75.78,121.76,14.67,671.23,132.13,2066.98,0.88,0
53.33,42.27,90.23,39.09,819.64,204.32,2790.03,0.33,0
56.83,63.72,97.65,22.46,1259.94,307.55,1950.96,0.76,1
99.27,89.32,98.2,25.32,142.03,271.08,2396.02,0.67,0
61.27,48.3,101.64,30.46,1108.58,174.93,1934.62,0.85,1
95.31,106.3,126.57,36.42,899.88,255.81,2361.37,0.53,0
105.66,101.4,87.74,29.3,447.11,266.03,2750.29,0.65,0
62.42,76.17,78.48,25.71,685.2,85.64,1878.19,0.74,0
125.24,95.62,104.05,46.79,1094.24,225.18,1474.82,0.84,1
60.01,48.2,56.66,46.16,525.82,322.98,1798.91,0.81,0
80.89,43.06,103.32,33.29,1169.05,179.57,1559.51,0.57,1
76.68,84.41,80.16,49.01,278.06,337.53,1545.91,0.45,0
71.66,106.25,60.58,13.32,287.56,246.1,2799.38,0.53,0
95.2,56.2,89.03,11.79,876.73,310.48,2916.76,0.38,1
56.73,47.75,65.7,26.1,670.37,122.33,2647.25,0.91,0
75.55,88.18,56.14,11.91,727.88,293.27,2413.38,0.64,0
95.6,62.19,78.38,43.45,959.19,315.18,2206.96,0.32,1
111.18,41.34,101.67,43.51,1269.8,254.71,2650.4,0.92,1
58.85,45.34,50.56,14.51,456.61,204.93,2520.1,0.89,1
75.89,77.17,79.53,41.61,699.23,274.49,2305.6,0.86,0
105.38,103.43,112.14,31.34,521.62,251.41,2966.92,0.41,0
61.44,82.21,104.2,38.86,378.72,117.01,2976.15,1.0,0
120.74,75.39,98.83,28.59,992.5,261.76,1667.95,0.25,1
124.35,63.61,112.04,37.77,571.69,195.85,2186.16,0.83,1
55.41,97.8,119.58,17.52,1239.36,171.65,1942.86,0.83,0
106.67,84.12,74.78,40.8,860.86,81.13,1746.78,0.76,1
58.39,97.5,68.2,45.0,570.63,157.51,1839.03,0.59,0
94.54,80.02,102.65,32.0,1303.8,78.24,2312.87,0.93,1
66.15,104.97,52.43,21.18,101.27,319.74,2754.21,0.76,0
124.93,79.63,80.9,31.74,199.22,158.98,2081.05,0.8,0
67.97,73.66,113.72,47.26,580.26,137.96,1899.21,0.56,0
83.57,84.55,56.89,28.67,1309.92,210.12,2850.51,0.44,1
59.47,80.18,82.03,45.16,923.32,341.15,1764.75,0.64,0
66.04,88.45,55.5,12.02,439.07,81.84,1461.21,0.83,0
68.64,69.59,89.18,39.18,656.12,86.08,1601.02,0.31,0
83.94,79.04,116.61,27.21,1072.75,304.62,1326.21,0.58,0
99.77,73.35,110.64,45.25,476.01,172.42,1506.98,0.88,0
122.0,72.17,101.13,42.42,921.55,308.36,2175.1,0.93,1
121.77,100.52,72.76,43.69,505.42,284.73,1574.75,0.81,0
79.65,98.36,81.95,11.3,682.7,342.54,1694.35,0.86,0
97.61,98.73,59.88,39.95,560.24,332.82,1406.16,0.64,0
129.2,96.5,83.78,42.72,806.19,237.03,2790.95,0.6,1
101.52,102.48,65.74,34.8,1040.12,235.94,1931.0,0.51,0
128.98,88.14,65.7,49.23,740.24,278.44,2023.02,0.97,1
78.44,58.61,101.84,13.18,959.73,344.34,1543.44,0.54,1
73.8,78.99,85.85,35.89,1108.93,249.6,2442.78,0.26,0
118.1,92.0,98.26,44.67,1025.36,160.23,2894.29,0.22,1
107.27,62.72,98.91,29.73,843.86,190.41,1579.25,0.89,1
53.15,64.71,100.83,17.66,173.19,144.76,1607.79,0.57,0
83.29,40.48,63.09,28.54,471.52,298.86,1461.38,0.58,1
89.78,89.72,57.55,14.34,1002.8,329.27,2439.32,0.63,1
114.4,78.25,108.61,14.88,252.05,126.04,1611.89,0.23,0
75.79,48.41,112.81,47.2,1141.67,247.28,1607.65,0.63,1
128.72,47.37,62.14,47.9,637.53,148.44,1486.03,0.86,1
99.46,66.41,125.6,42.73,128.56,339.63,1826.61,0.57,0
57.22,72.99,98.57,20.19,626.84,326.76,1884.5,0.6,0
56.09,83.17,80.16,39.54,873.11,119.61,2991.59,0.29,0
60.31,41.53,53.23,26.44,993.1,164.31,2308.28,0.62,1
108.62,42.93,83.25,31.42,938.74,302.04,1983.66,0.57,1
72.7,97.55,116.92,20.05,852.04,193.83,2551.17,0.74,0
55.55,55.31,53.18,22.81,1015.18,178.82,1331.34,0.41,1
71.89,70.74,119.56,25.33,1208.67,81.82,1552.11,0.31,0
77.12,47.77,99.53,37.68,628.92,137.4,1829.03,0.28,1
122.33,96.24,61.05,25.46,727.43,330.34,2288.56,0.82,1
129.4,60.4,51.4,12.25,712.89,207.47,2341.85,0.87,1
76.29,42.73,51.92,46.62,898.96,97.61,2274.32,0.7,1
98.83,95.88,60.67,14.77,1406.78,98.01,1987.25,0.72,1
94.07,82.47,98.83,29.28,1446.47,273.68,1337.99,0.42,1
52.88,59.38,97.62,32.75,1286.22,104.73,2600.69,0.75,0
54.98,105.0,101.47,15.59,1452.65,187.89,2922.06,0.24,1
77.06,48.31,82.88,37.67,442.93,289.06,2713.61,0.6,0
54.62,63.8,65.06,18.93,401.12,95.89,2246.71,0.22,0
100.65,79.44,60.85,38.16,1436.23,337.12,1472.67,0.85,1
78.05,68.2,68.49,16.19,779.39,87.81,1955.74,0.56,0
94.43,83.43,70.7,18.61,1073.95,304.35,1610.58,0.25,1
70.63,98.48,69.9,19.33,1231.42,337.45,2571.22,0.22,1
121.37,64.08,70.57,19.96,345.88,140.86,2606.02,0.38,0
87.88,44.97,53.87,35.81,876.28,230.55,1850.08,0.35,1
84.89,86.41,123.32,16.91,776.05,96.1,2149.7,0.29,0
99.07,44.37,63.95,12.09,359.74,108.44,1846.3,0.95,1
98.54,107.21,65.21,28.57,1488.82,334.14,1389.8,0.31,0
73.7,89.46,94.23,24.6,1341.23,148.61,1986.35,0.95,0
113.17,41.63,126.54,28.61,455.1,198.26,2038.51,0.63,1
118.35,58.52,84.54,13.98,170.09,294.51,1329.86,0.74,0
81.38,56.27,70.5,37.88,1386.65,308.83,2532.14,0.99,1
112.79,45.89,51.57,46.05,117.05,140.89,1458.94,0.67,0
50.87,55.25,61.4,22.58,438.11,237.41,1669.34,0.69,0
105.28,59.55,96.62,32.46,430.41,284.73,1364.6,0.46,0
123.67,47.13,75.36,39.14,1430.53,215.61,2403.71,0.91,1
64.55,93.11,61.88,17.19,891.78,282.21,1603.8,0.53,0
60.92,62.98,54.41,37.01,1225.88,257.54,1336.36,0.43,1
78.88,49.22,55.48,47.14,514.49,314.36,1951.97,0.81,1
125.98,99.29,96.79,44.18,1382.32,271.08,1642.46,0.95,1
52.1,67.84,116.04,45.8,290.24,281.74,2184.69,0.78,0
64.93,91.7,103.68,16.08,453.11,268.76,1846.13,0.72,0
105.39,106.6,74.93,17.68,814.3,205.02,1699.55,0.73,0
81.27,98.68,78.98,25.77,866.66,143.95,1526.49,0.52,0
70.54,50.31,52.75,34.51,744.96,283.03,2764.32,0.3,1
101.36,74.26,128.6,38.58,1139.95,327.29,2119.24,0.73,1
119.43,81.09,107.28,36.63,1260.13,205.71,1858.61,0.43,1
72.48,100.45,78.39,25.34,819.43,332.71,1409.03,0.87,0
101.49,86.32,86.23,49.57,239.9,289.39,1475.61,0.87,0
116.54,78.09,66.07,35.48,1466.51,163.21,2226.9,0.2,1
87.86,107.19,102.91,44.75,240.74,315.96,2479.18,0.66,0
78.98,42.82,56.99,11.31,253.48,102.51,2882.21,0.59,0
105.8,89.38,122.71,48.49,288.7,176.15,1303.18,0.96,0
127.59,60.96,121.25,41.7,319.47,315.23,2401.89,0.9,0
81.32,86.98,72.83,14.55,141.36,142.29,2873.06,0.86,0
108.95,98.81,115.75,15.92,186.11,98.93,2886.99,0.9,0
110.42,50.81,71.94,37.57,1041.17,102.55,2341.85,0.95,1
127.25,82.6,62.5,35.57,1212.14,256.29,2790.64,0.66,1
120.88,91.65,99.87,47.31,738.58,176.3,2024.2,0.77,0
103.46,54.79,76.7,13.13,749.98,225.43,1939.0,0.85,1
63.99,97.88,68.63,12.89,1454.1,151.89,2133.81,0.34,1
77.67,58.97,51.14,28.2,1153.36,335.23,2217.91,0.52,1
54.68,93.01,82.89,24.54,1414.02,99.98,1556.25,0.55,1
109.01,58.72,52.94,34.04,750.06,100.05,2322.34,0.75,1
78.4,59.51,102.44,46.16,161.47,296.55,2135.74,0.84,0
77.98,58.18,80.27,14.61,883.84,348.57,2656.91,0.55,1
78.74,46.19,114.8,33.55,1326.84,137.65,2378.57,0.86,1
66.75,102.43,111.17,26.25,352.0,154.95,2761.39,0.48,0
121.59,106.2,94.5,25.77,1070.44,187.71,2586.89,0.67,1
124.94,88.59,76.16,17.91,156.46,247.33,2124.12,0.26,0
50.51,93.51,66.28,20.5,479.35,208.6,2254.78,0.67,0
90.69,88.71,63.97,46.24,166.38,167.88,2655.31,0.44,0
59.45,97.57,54.96,34.02,820.9,291.86,1832.01,0.95,0
113.8,75.55,116.12,17.62,809.7,158.22,1853.3,0.87,1
107.95,74.27,78.8,14.7,468.09,315.02,2076.72,0.29,1
71.92,58.57,77.35,42.48,747.31,246.14,1780.46,0.59,0
123.55,43.52,115.03,41.12,467.57,248.15,2335.14,0.59,1
84.09,75.11,92.98,42.41,1196.11,205.69,2641.43,0.5,0
111.38,82.25,85.02,42.11,1302.78,239.83,1766.77,0.31,1
75.77,47.38,75.03,41.77,695.0,320.93,2453.2,0.81,1
105.41,96.31,77.83,32.3,1458.8,321.41,1958.89,0.57,1
76.26,51.41,104.42,47.28,816.01,226.02,2205.08,0.59,1
106.61,67.52,120.35,16.56,1025.87,311.37,1658.49,0.31,1
66.85,59.04,68.18,28.15,1262.35,192.93,1948.45,0.24,1
65.97,91.16,81.76,44.99,1256.7,325.86,2573.5,0.73,0
90.97,52.24,85.53,12.18,780.95,216.11,1366.71,0.74,1
120.97,78.27,85.44,18.37,908.08,130.4,1797.82,0.78,1
81.14,65.52,125.92,23.16,105.21,149.05,1374.05,0.23,0
119.72,75.39,113.84,31.67,230.6,147.92,2744.96,0.5,0
114.79,58.59,65.66,31.8,804.51,222.97,2655.34,0.58,1
123.51,86.32,82.54,29.83,1308.24,229.95,1785.74,0.38,1
113.64,64.59,65.06,49.34,1030.73,318.29,2423.75,0.74,1
122.06,88.73,63.53,49.4,1269.68,105.4,1360.44,0.68,1
86.11,87.16,67.5,16.83,1418.79,270.36,1589.4,0.63,1
72.47,43.64,119.24,19.53,1451.91,115.74,2881.96,0.8,1
50.42,66.53,93.44,18.85,622.21,343.09,2683.17,0.39,0
69.05,68.66,104.71,24.33,1077.36,153.25,1828.44,0.26,0
79.32,81.5,128.99,37.15,973.25,185.75,2985.56,0.85,0
72.39,61.66,88.5,24.38,717.72,82.87,2298.52,0.67,0
96.27,85.13,88.23,49.61,625.7,294.17,1998.53,0.43,0
71.45,40.1,94.32,49.11,1187.72,254.11,2945.0,0.64,1
64.37,53.36,111.77,17.56,1207.89,171.11,2681.08,0.2,1
81.4,109.39,90.99,47.75,647.53,288.44,1696.19,0.25,0
108.61,95.03,92.0,12.43,484.97,142.82,2685.51,0.37,0
63.09,73.89,63.43,42.29,497.75,249.35,1820.3,0.95,0
66.41,47.13,100.21,10.78,774.57,152.16,1868.17,0.57,1
123.19,80.8,110.5,31.77,134.2,205.77,2754.52,0.88,0
108.81,62.32,120.24,28.38,461.12,320.7,2075.38,0.86,0
62.2,103.55,55.64,14.42,461.57,305.24,1398.68,0.85,0
127.59,42.73,95.7,21.45,747.0,347.22,2365.76,0.57,1
81.81,56.91,96.66,44.37,663.66,268.22,2000.17,0.32,0
66.51,43.28,117.69,15.16,1062.45,253.41,2326.2,0.82,1
82.15,45.39,72.14,19.88,419.7,332.71,1355.22,0.74,1
104.64,70.1,81.82,46.49,1140.96,202.82,1784.16,0.62,1
77.29,61.37,82.22,33.74,109.5,261.81,1772.47,0.28,0
52.17,81.38,79.0,40.75,622.99,102.56,2229.07,0.75,0
88.96,67.11,122.94,22.47,517.26,275.55,2972.54,0.29,0
111.97,107.88,57.07,14.28,1205.54,106.57,1516.25,0.29,1
51.77,53.57,101.42,30.74,939.01,241.78,2244.38,0.55,0
95.21,83.56,112.65,22.51,809.48,170.89,2117.79,0.35,0
63.08,65.78,67.95,27.24,116.62,191.99,1442.47,0.91,0
81.4,73.2,73.27,17.66,515.02,260.4,1336.45,0.35,0
106.7,109.97,96.46,33.67,380.86,299.07,2459.05,0.31,0
75.53,87.0,108.09,25.34,1495.79,303.56,1616.21,0.59,0
93.56,59.39,85.71,27.58,959.86,228.35,2348.41,0.69,1
118.11,70.67,112.52,21.1,1142.45,172.72,2789.8,0.85,1
58.56,101.72,56.94,40.82,1217.12,343.67,2012.64,0.43,0
119.89,60.81,124.63,47.73,1391.5,282.62,2654.13,0.21,1
104.42,91.72,123.27,36.09,470.36,125.3,2595.69,0.85,0
66.99,49.75,65.47,30.07,409.73,166.48,2740.94,0.82,0
118.86,51.62,125.67,22.0,1407.06,307.87,2981.43,0.29,1
94.42,93.62,96.28,21.89,1410.58,315.54,2343.87,0.98,0
57.56,88.47,54.09,47.42,655.65,213.39,1929.01,0.81,0
127.53,92.39,96.21,18.06,1208.8,315.62,1812.42,0.25,1
120.29,65.79,120.39,38.8,675.47,259.46,2535.46,1.0,1
127.51,101.34,55.1,40.65,1443.88,164.95,2163.87,0.93,1
80.47,49.41,96.17,18.47,694.14,261.7,2731.76,0.95,1
67.7,78.42,63.24,20.02,501.32,215.99,2261.42,0.25,0
100.91,77.31,84.11,38.91,1483.57,244.83,1745.36,0.79,1
126.0,106.13,84.33,39.53,386.31,300.27,2905.63,0.51,0
83.46,101.84,87.73,41.31,1012.35,227.92,2982.26,0.81,0
65.96,103.58,76.79,11.99,985.75,160.98,2755.84,0.23,1
120.14,56.93,57.79,19.29,278.05,172.23,2889.93,0.99,0
77.76,46.68,63.41,18.54,560.61,329.31,1339.95,0.75,1
51.33,44.87,128.99,35.03,1223.59,113.48,2795.01,0.22,0
101.28,94.09,123.19,34.6,538.24,213.2,2734.24,0.2,0
116.3,96.45,111.23,29.68,1428.12,235.38,2283.79,0.61,1
60.46,57.27,104.17,13.5,1144.76,198.57,2530.81,0.61,1
62.23,60.67,106.75,40.27,882.38,113.28,1889.18,0.63,0
85.88,107.48,89.17,26.99,167.14,302.06,1471.91,0.7,0
76.01,74.85,54.8,28.31,1025.02,243.39,1791.15,0.56,0
79.46,108.48,83.51,11.97,948.97,327.89,2809.78,0.28,0
62.03,90.59,51.81,16.23,1284.67,269.13,2326.92,0.55,1
71.86,91.27,54.68,46.49,278.5,196.35,1912.64,0.53,0
54.57,65.23,54.13,43.01,254.55,102.16,1539.38,0.45,0
128.9,68.53,83.53,41.22,542.55,84.64,2728.13,0.56,1
58.8,69.24,122.02,49.98,1016.92,272.6,2955.7,0.48,0
102.02,107.44,122.56,43.63,876.87,239.73,2654.19,0.64,0
51.46,99.19,80.94,23.53,711.85,323.73,1974.23,0.77,0
94.33,82.11,84.7,44.69,646.09,256.96,2444.82,0.36,0
67.61,78.1,51.28,16.49,475.98,261.69,2000.33,0.22,0
68.28,51.89,56.96,47.69,717.68,318.81,2166.82,0.67,0
73.18,49.85,95.11,49.06,799.47,147.29,1488.79,0.86,1
56.47,52.14,96.38,39.97,1427.27,160.13,1934.54,0.44,0
58.08,53.0,61.31,39.93,1130.31,232.34,1673.87,0.26,0
106.58,95.48,59.91,12.28,1169.06,171.58,2249.83,0.97,1
102.82,88.44,63.32,18.92,258.35,340.51,2669.8,0.29,0
111.19,44.37,87.12,47.22,324.43,167.19,2307.52,0.35,0
82.75,107.68,65.64,18.61,401.9,319.78,1498.13,0.68,0
121.64,82.4,104.75,45.54,393.0,117.11,1421.91,0.22,0
54.82,56.06,116.75,24.78,551.27,263.61,1999.29,0.21,0
55.32,94.63,66.34,43.1,408.09,214.98,2836.37,0.48,0
117.58,88.75,122.79,31.28,1085.51,192.11,2493.46,0.96,1
79.76,70.14,101.65,40.01,1442.93,252.76,2427.88,0.27,0
89.41,75.22,112.55,39.58,1339.02,204.88,2586.21,0.57,1
91.38,41.16,77.33,15.63,454.9,302.22,2859.98,0.64,1
124.27,76.5,124.78,34.27,1037.18,340.92,1492.83,0.28,1
97.23,51.77,119.36,36.15,181.43,295.86,2177.29,0.33,0
98.0,83.99,118.63,29.39,304.42,331.49,2929.94,0.39,0
53.33,93.36,127.99,25.62,916.2,334.02,2721.83,0.37,0
59.76,99.54,119.29,33.74,1471.63,328.54,2359.96,0.22,0
101.13,100.51,104.5,36.55,705.35,77.13,1746.18,0.89,0
102.68,86.65,121.94,18.76,670.03,170.36,2338.27,0.81,0
53.62,85.57,121.19,43.87,772.91,219.86,1510.6,0.52,0
89.11,92.97,104.15,17.74,1081.6,344.34,1794.71,0.68,0
99.86,44.56,68.67,48.62,298.58,228.16,2363.5,0.84,0
113.2,82.58,126.64,30.71,657.41,85.15,2952.84,0.93,0
115.04,63.47,60.66,43.48,862.34,86.56,2141.42,0.43,1
72.29,43.8,112.67,33.86,1099.81,132.31,2109.02,0.4,1
94.98,55.27,115.64,16.29,645.52,92.93,2736.68,0.84,1
92.87,100.95,77.39,27.62,1321.09,208.53,1368.75,0.9,0
105.58,96.0,95.89,19.63,385.2,244.03,2181.29,0.66,0
129.77,82.74,64.45,41.79,916.23,180.54,2754.07,0.27,1
98.77,72.15,58.27,30.49,525.21,290.58,1348.05,0.73,1
105.73,108.68,59.8,13.92,277.16,285.0,2445.84,0.53,0
109.08,94.54,75.03,11.53,1065.85,134.26,2313.1,0.82,1
128.49,58.22,95.23,45.47,1297.57,272.45,2038.2,0.29,1
127.68,63.27,107.54,41.71,527.81,208.23,2448.1,0.82,1
85.26,80.71,76.78,13.11,961.87,214.29,1981.19,0.75,0
80.05,73.07,66.71,40.49,1322.98,329.52,1663.67,0.75,0
93.65,74.02,91.87,28.79,734.72,313.62,1385.36,0.89,0
57.15,101.81,58.49,40.6,757.78,165.62,1588.42,0.58,0
93.48,50.29,53.12,12.96,245.38,313.63,2575.03,0.64,0
85.22,86.32,77.08,35.0,563.24,166.87,1432.79,0.39,0
52.72,94.86,118.63,39.91,1022.52,337.08,2961.21,0.75,0
105.37,66.08,60.43,46.12,293.59,231.59,2910.29,0.94,0
83.01,51.68,93.3,26.55,225.48,223.96,2899.22,0.87,0
89.67,97.61,91.18,28.43,1144.58,154.24,1610.21,0.99,0
121.59,85.97,99.21,31.06,589.81,214.94,2081.3,0.76,0
128.75,45.49,126.92,27.08,339.85,132.44,2207.33,0.65,0
92.61,76.49,70.0,32.85,1399.06,125.7,2130.01,1.0,1
97.19,60.67,121.79,24.25,858.85,268.91,2624.48,0.32,1
84.59,45.85,63.44,15.26,844.97,285.33,2632.66,0.99,1
87.25,108.01,119.75,44.71,717.78,192.66,2598.82,0.26,0
106.97,90.87,101.02,40.91,631.25,324.25,2379.54,0.51,0
121.97,94.69,54.31,49.78,806.64,234.39,1722.51,0.55,1
110.19,67.16,64.17,30.2,309.81,228.81,1923.33,0.36,0
68.29,99.21,67.12,48.69,1225.97,277.94,2907.94,0.35,0
52.43,105.92,106.32,44.85,1303.21,346.14,2015.16,0.36,0
86.65,55.7,126.83,37.53,536.8,221.34,1739.46,0.91,0
86.66,60.65,111.1,19.61,426.75,338.36,2376.28,0.73,0
108.85,49.48,99.3,12.29,451.83,265.95,2638.07,0.46,1
64.55,78.68,90.36,25.36,664.05,187.51,1959.02,0.86,0
68.25,50.09,116.8,35.22,1003.39,241.9,2664.98,0.48,1
107.87,96.36,94.74,21.31,442.46,288.31,2436.04,0.41,0
54.51,40.62,95.77,24.61,1052.06,320.33,2347.37,0.86,1
110.0,56.83,80.53,47.26,758.41,178.12,1998.32,0.78,1
50.91,71.08,105.36,34.62,999.97,144.24,1684.76,0.36,0
93.41,63.19,96.16,27.28,125.14,102.13,1797.16,0.89,0
84.95,63.62,103.28,41.69,146.79,288.05,1502.81,0.8,0
86.19,55.24,90.72,12.66,877.37,334.83,2150.16,0.34,1
93.84,98.17,74.83,17.86,905.73,215.04,2089.87,0.21,0
84.26,48.82,124.28,30.87,597.87,290.72,1316.25,0.29,1
121.4,45.84,61.46,20.6,340.39,100.91,2641.22,0.99,1
122.66,63.46,59.46,33.19,847.91,319.39,2030.23,0.71,1
116.07,71.07,99.33,39.2,1372.57,144.35,2214.0,0.55,1
55.82,66.99,78.0,32.11,730.13,153.97,2121.7,0.78,0
91.19,53.14,77.37,26.11,673.23,203.42,2948.87,0.78,1
115.38,100.98,60.27,41.52,437.39,308.51,2494.85,0.57,0
122.0,75.62,109.33,19.15,1403.13,330.51,1667.07,0.55,1
113.72,77.28,80.88,44.14,159.27,227.29,2539.02,0.23,0
101.29,54.64,68.69,12.19,574.56,130.68,2118.3,0.89,1
83.39,51.36,71.76,25.04,1189.72,348.21,2342.76,0.22,1
52.92,55.46,61.68,35.12,399.98,269.9,2660.55,0.6,0
119.46,84.27,57.31,37.75,1280.8,180.34,1824.32,0.42,1
96.75,72.39,66.81,17.79,1108.82,88.6,2556.01,0.26,1
101.97,107.03,54.22,46.93,199.43,293.5,1905.35,0.71,0
70.37,41.23,115.62,36.46,194.91,257.1,2076.87,0.42,0
124.48,51.71,67.4,49.96,458.76,102.69,2715.83,0.58,1
110.82,94.12,83.52,13.94,1228.36,227.63,1569.01,0.53,1
73.3,86.47,68.4,13.58,1351.73,146.56,1420.38,0.32,1
91.5,45.56,108.3,26.42,654.75,107.79,2596.85,0.45,1
64.57,96.21,56.61,18.58,1157.1,196.71,2138.61,0.72,1
105.23,44.39,80.13,22.33,1328.48,313.91,2813.72,0.77,1
106.2,89.18,54.92,13.9,611.13,184.44,1917.52,0.25,1
97.44,53.95,72.82,30.68,556.25,231.62,2289.05,0.37,1
97.89,57.47,62.31,34.52,1391.6,242.0,2615.25,0.59,1
95.19,42.52,123.41,46.38,904.01,298.87,2095.71,0.67,1
82.83,100.0,127.22,29.72,377.96,146.83,2590.18,0.65,0
98.49,93.63,91.45,42.2,1043.87,243.43,2024.46,0.68,0
98.92,58.17,73.81,22.68,1103.28,110.94,2924.2,0.74,1
64.49,57.95,61.64,41.56,987.94,324.22,1937.25,0.43,0
106.29,65.83,122.19,17.6,780.92,189.69,2150.84,0.99,1
55.77,47.23,128.2,16.58,1003.48,206.12,2288.35,0.9,0
118.05,95.12,99.88,27.72,672.88,312.16,2516.95,0.95,0
108.91,62.86,69.81,26.18,521.29,190.83,2099.73,0.36,1
95.59,107.06,129.37,46.23,1225.75,248.46,2227.7,0.48,0
89.5,95.5,87.23,39.68,1367.45,180.28,1617.07,0.78,0
113.58,92.02,106.14,33.14,384.19,215.96,2345.39,0.28,0
58.53,89.34,103.06,47.39,992.42,316.64,1458.54,0.99,0
76.12,72.64,86.83,18.31,1284.85,316.92,2247.78,0.63,1
124.46,64.21,117.37,21.12,1085.75,280.01,1912.2,0.62,1
115.42,67.67,66.86,43.57,500.48,346.4,2630.15,0.46,1
57.83,69.33,67.31,21.45,1199.1,311.17,1555.26,0.57,1
108.17,50.95,62.92,29.57,1166.44,314.69,2454.99,0.2,1
110.86,54.26,88.28,23.55,920.21,177.3,1533.0,0.54,1
102.7,49.82,85.17,17.57,572.8,305.15,1854.51,0.98,1
82.95,66.02,110.17,42.95,697.23,284.57,2235.73,0.45,0
97.39,44.79,124.61,15.05,964.3,346.14,1413.03,0.86,1
124.75,72.84,96.19,30.23,954.55,79.92,1713.73,0.99,1
93.38,69.34,70.66,31.74,224.5,332.61,1413.26,0.93,0
60.2,96.49,68.78,35.44,878.73,194.27,1603.51,0.58,0
99.57,59.71,102.53,31.5,593.41,178.19,2961.15,0.67,1
123.06,85.66,88.19,31.98,924.51,99.37,2502.13,0.49,1
98.94,40.11,128.6,26.35,1364.34,139.0,1491.43,0.5,1
89.37,65.05,128.12,24.82,582.31,110.03,1959.34,0.31,0
107.54,91.96,75.32,44.46,1172.1,113.58,1829.12,0.95,1
68.98,87.45,116.3,39.86,797.17,197.21,2413.54,0.63,0
121.2,57.81,63.01,43.07,569.78,187.62,2129.28,0.91,1
90.27,89.49,126.5,47.46,996.35,280.79,2772.6,0.61,0
95.73,48.71,61.14,24.91,541.92,200.38,2387.35,0.48,1
119.87,45.39,82.45,40.42,1203.37,111.68,2531.87,0.81,1
78.76,56.62,115.1,22.12,956.09,160.29,2338.09,0.92,1
62.85,85.61,117.11,39.78,348.47,142.45,2589.36,0.64,0
52.4,67.25,109.17,45.87,514.89,214.64,2931.88,0.25,0
51.46,97.19,106.61,14.51,1077.5,179.93,2541.92,0.78,1
106.54,80.37,119.36,20.0,131.6,225.01,1312.33,0.75,0
103.09,66.64,88.01,17.96,263.02,182.45,2155.56,1.0,0
75.52,59.28,88.66,11.58,643.39,210.71,2576.58,0.86,1
97.86,108.23,113.21,34.12,641.98,88.56,2950.34,0.47,0
95.96,67.86,67.57,33.84,1312.02,265.78,2487.0,0.93,1
121.61,47.31,122.77,29.57,1175.76,314.47,1678.3,0.55,1
124.96,54.31,60.39,40.13,887.76,242.39,2952.48,0.4,1
58.95,49.11,71.88,27.87,1039.36,189.59,1665.49,0.65,1
56.54,91.86,58.72,11.45,248.53,170.78,1773.8,0.76,0
54.13,96.18,56.45,41.32,1203.59,325.59,2905.18,0.32,0
85.15,73.29,57.48,12.69,511.66,318.85,1774.4,0.46,0
117.19,45.76,72.01,31.14,1075.93,108.63,1454.53,0.94,1
95.66,86.01,107.63,21.85,1332.59,230.33,2649.4,0.99,1
125.78,109.64,76.41,32.02,1035.45,169.72,1910.69,0.94,1
127.55,42.18,70.87,49.48,909.31,241.39,2546.45,0.21,1
127.04,47.73,81.04,19.34,701.05,274.05,1458.46,0.29,1
129.29,80.8,96.14,22.39,416.23,198.86,2481.44,0.68,0
56.51,50.79,69.25,31.18,679.5,169.72,1715.57,0.47,0
86.84,78.55,50.69,19.25,884.76,173.12,2789.01,0.57,0
56.78,86.11,113.61,10.03,902.41,314.81,2748.64,0.37,0
76.79,64.16,90.71,13.46,343.0,254.12,1392.5,0.63,0
115.44,74.38,128.77,12.08,1248.65,221.84,1387.16,0.33,1
59.77,85.8,75.25,17.27,470.17,178.32,2931.54,0.52,0
84.2,84.42,56.53,44.1,367.47,273.22,2784.16,0.98,0
100.58,83.46,56.8,22.05,277.32,244.43,2367.91,0.27,0
116.45,85.25,97.68,13.57,835.6,153.41,1422.93,0.95,1
118.97,44.38,54.5,31.36,1020.42,177.04,1412.91,0.61,1
124.02,63.38,66.94,44.63,203.95,329.12,2385.86,0.88,0
51.89,53.66,102.01,33.23,1105.11,252.97,1834.97,0.57,0
98.04,97.93,81.6,40.11,484.36,122.17,2055.45,0.66,0
86.45,60.0,70.89,34.15,1234.42,142.78,2667.47,0.9,1
115.27,84.64,127.61,38.81,1420.62,251.45,1679.12,0.81,1
77.01,76.92,100.7,13.1,623.05,201.59,1493.04,0.57,0
80.75,106.27,99.13,32.96,1197.86,187.26,2688.85,0.23,0
72.86,67.66,60.64,31.52,711.49,191.59,1670.03,0.45,0
59.4,109.57,82.22,20.61,1447.06,213.89,1592.77,0.98,1
83.93,76.5,115.7,27.33,1061.31,346.24,2689.04,0.26,0
72.19,93.33,95.39,26.43,756.11,139.75,1871.05,0.38,0
84.72,56.37,116.04,21.15,716.21,273.51,2827.78,0.82,1
65.05,67.06,113.7,18.71,1414.01,112.88,1528.21,0.26,1
51.7,58.5,91.55,29.48,823.43,120.88,2181.14,0.6,0
124.75,93.01,56.23,39.58,680.79,155.1,1703.03,0.43,1
69.52,72.81,108.42,35.13,871.84,225.04,2125.34,0.63,0
107.13,66.08,88.16,43.32,453.38,337.42,2219.75,0.68,0
99.56,100.41,96.35,12.9,793.44,89.67,2877.14,0.53,0
96.12,42.97,114.94,22.4,538.72,80.58,1785.01,0.81,1
82.75,55.57,97.82,26.93,1131.54,196.04,1759.8,0.91,1
103.4,59.0,109.62,14.7,841.5,225.63,2482.31,0.95,1
55.19,48.43,121.4,16.75,1350.84,140.65,2305.46,0.49,1
56.22,100.59,60.65,11.03,877.86,237.28,2221.56,0.56,1
74.76,80.15,73.05,28.98,492.89,278.26,1617.57,0.24,0
72.57,51.3,61.95,14.18,404.0,162.16,2575.66,0.92,1
79.09,53.12,103.2,35.5,854.57,230.97,1474.39,0.75,1
110.44,103.43,54.03,13.28,792.76,215.77,1805.04,0.4,0
59.35,67.17,77.3,21.5,953.59,192.27,1348.08,0.4,0
110.07,85.21,63.59,27.62,1301.72,213.23,2210.39,0.82,1
69.01,71.52,126.61,15.44,663.21,322.88,1965.88,0.89,0
59.94,99.29,84.82,19.23,1336.69,78.07,2510.2,0.35,1
73.45,77.74,61.77,42.27,550.91,93.2,2139.46,0.63,0
87.92,94.27,101.62,20.89,859.98,267.55,1353.48,0.87,0
69.73,84.48,123.34,25.76,1225.44,156.92,1322.85,0.48,0
77.94,71.29,64.93,16.23,543.36,330.55,2064.46,0.26,0
107.45,44.69,124.22,49.82,845.23,239.52,2907.75,0.82,1
69.0,88.62,63.64,46.04,913.91,328.48,2110.02,0.52,0
52.99,59.65,56.34,25.58,1070.49,76.99,1997.57,0.21,1
91.85,107.05,124.3,23.78,735.83,242.89,1593.52,0.74,0
51.04,69.77,57.18,22.8,205.13,110.16,2808.39,0.21,0
120.2,40.96,88.56,12.63,1480.39,220.42,2222.16,0.92,1
114.65,102.58,57.19,31.79,1028.71,210.33,2694.1,0.63,0
115.81,72.09,124.45,30.01,630.83,297.3,1987.91,0.41,1
80.1,44.04,76.74,12.54,264.47,205.89,2481.44,0.64,0
102.11,60.76,117.88,36.92,1309.01,160.54,1331.19,0.3,1
64.82,64.33,128.51,44.18,975.3,89.23,1761.48,0.86,0
85.62,93.26,96.12,31.09,1073.45,279.68,2828.88,0.87,0
71.93,56.09,78.42,18.38,796.86,216.62,2243.52,0.3,1
72.55,95.89,90.46,45.59,692.81,288.64,2831.48,0.23,0
107.17,89.98,124.87,30.38,1074.71,144.64,2947.89,0.22,1
129.73,60.62,69.75,47.05,879.87,337.11,1391.29,0.25,1
90.21,65.05,82.16,29.49,1389.5,217.8,1325.35,0.43,1
106.52,96.27,52.17,35.58,237.89,133.86,1457.84,0.51,0
115.44,84.43,104.37,30.39,277.71,210.58,1757.91,0.75,0
109.0,105.68,58.01,14.92,380.01,175.0,1319.77,0.42,0
112.95,86.11,52.25,23.37,1211.37,346.37,2794.85,0.98,1
55.23,44.73,108.21,31.51,1130.01,329.14,2378.55,0.9,1
92.49,94.86,53.94,29.41,754.92,189.38,2859.42,0.75,0
57.44,41.8,107.4,20.43,228.59,314.5,1614.41,0.9,0
58.9,80.63,119.31,46.27,1422.98,298.97,1810.9,0.5,0
57.51,76.94,67.41,13.01,246.28,224.88,2571.17,0.33,0
89.09,87.39,128.13,47.36,1405.98,322.95,2157.78,0.59,0
83.01,96.38,96.86,26.44,707.51,306.62,2059.62,0.82,0
115.4,71.43,109.8,23.69,1195.71,80.82,2764.66,0.24,1
53.07,67.97,102.18,28.22,611.34,156.42,2992.38,0.28,0
68.34,43.07,50.05,39.47,1463.17,157.76,1603.07,0.41,1
128.07,59.01,122.82,19.89,410.31,184.81,1627.68,0.93,0
128.77,47.41,107.45,22.66,1070.16,292.06,2530.45,0.65,1
78.06,107.8,102.66,14.79,1430.83,170.25,2297.48,0.8,1
56.48,105.29,57.97,36.85,829.14,164.09,2342.88,0.93,0
124.13,82.24,66.78,20.83,341.95,323.01,2220.79,0.62,0
108.06,102.52,125.32,37.33,503.11,150.21,2768.73,0.7,0
121.74,67.66,120.34,42.31,290.31,134.13,1460.27,0.9,0
104.74,55.77,102.75,15.07,585.06,229.75,2247.27,0.62,1
61.16,79.21,69.24,44.13,1278.53,82.84,2280.77,0.42,0
104.37,47.41,68.93,35.5,1168.6,150.31,2411.05,0.47,1
92.06,78.11,85.59,15.15,1034.64,288.17,1875.42,0.47,1
92.31,73.81,114.41,31.09,865.98,111.68,1992.47,0.82,0
78.05,96.25,54.01,21.34,1248.41,169.13,1987.68,0.91,1
92.22,77.34,103.54,38.56,1322.56,271.33,2458.57,0.51,1
114.28,80.75,94.63,35.14,788.12,128.39,1649.57,0.87,1
89.88,72.04,63.51,44.36,399.23,261.83,2858.98,0.64,0
66.45,64.56,117.44,24.18,990.92,328.59,1598.37,0.25,0
83.71,85.4,108.97,15.24,806.13,84.19,1914.8,0.28,0
115.43,50.76,114.93,23.72,257.14,240.94,2480.94,0.68,0
109.81,53.71,52.85,32.81,704.58,137.97,2129.51,0.84,1
62.19,42.8,117.23,34.93,125.93,246.5,2064.47,0.28,0
81.05,40.82,54.77,12.6,1237.77,317.04,2617.21,0.96,1
57.66,66.0,60.27,16.74,572.13,116.69,2627.22,0.66,0
83.71,76.58,124.08,20.5,949.41,242.41,2768.57,0.77,0
53.45,68.92,108.58,17.75,698.95,97.35,2657.87,0.84,0
91.45,89.66,118.01,46.23,184.61,246.21,2822.64,0.61,0
99.61,54.23,105.6,21.96,289.05,77.48,1652.04,0.8,0
79.42,85.58,91.16,16.19,1447.9,227.22,1940.59,0.29,1
56.53,96.31,61.43,27.71,1007.95,172.95,2808.9,0.81,0
58.57,89.91,60.98,35.57,504.87,175.11,2521.94,0.68,0
92.61,107.62,76.31,46.27,1220.51,197.08,2527.25,0.42,0
104.42,93.11,95.67,20.74,1466.42,124.01,1827.03,0.41,1
69.82,43.58,115.15,12.11,750.42,314.93,1630.87,0.32,1
79.44,61.59,112.24,41.84,100.34,206.42,1361.63,0.32,0
114.29,70.82,123.38,36.36,1123.54,103.2,2104.16,0.48,1
117.05,90.06,99.62,20.24,1102.49,189.02,2279.59,0.45,1
62.76,44.65,72.32,31.28,1338.54,234.24,1876.35,0.8,1
75.6,87.4,129.16,12.39,736.28,342.57,2997.79,0.62,0
53.68,48.01,80.48,19.72,1200.13,120.76,1882.42,0.45,1
52.95,97.51,101.98,16.72,131.08,289.45,2402.45,0.71,0
64.17,85.47,65.93,38.32,162.4,303.7,2810.12,0.47,0
91.98,102.99,121.66,31.88,964.82,141.03,2722.41,0.22,0
55.52,67.62,111.21,28.21,1425.39,159.51,2146.49,0.77,0
86.78,83.59,125.66,27.89,417.0,187.43,1507.49,0.88,0
63.36,41.08,54.96,34.74,1471.88,229.0,2947.06,0.31,1
110.98,77.52,105.47,10.51,1332.35,274.68,2466.08,0.64,1
113.95,52.55,128.03,47.88,453.05,256.65,2844.78,0.95,0
115.81,54.49,95.27,48.07,199.28,162.06,2980.26,0.37,0
100.49,60.99,65.19,25.61,835.2,146.98,1761.16,0.28,1
122.14,62.88,82.42,11.23,649.9,229.44,1323.25,0.75,1
90.86,69.92,50.09,21.39,427.05,262.5,2087.97,0.42,0
75.22,76.31,123.81,36.54,396.4,288.21,2707.05,0.53,0
69.1,41.06,87.98,11.37,454.76,88.51,2336.97,0.22,1
52.68,49.4,93.07,41.71,330.15,293.7,2594.85,0.94,0
100.23,57.28,88.89,19.91,1490.43,113.52,1743.81,0.74,1
127.98,102.33,127.32,24.09,641.09,120.28,2008.34,0.62,0
70.37,85.99,115.84,45.89,658.75,310.94,2644.12,0.23,0
87.93,48.47,80.66,28.43,747.67,171.38,2648.49,0.5,1
56.01,97.2,117.13,43.4,874.8,173.14,2865.51,0.5,0
56.62,53.67,93.66,31.25,470.44,161.64,1305.96,0.6,0
119.66,98.62,117.59,34.57,817.04,133.4,1699.41,0.79,0
99.49,70.98,104.11,20.81,336.75,303.81,1710.49,0.6,0
91.78,40.54,73.71,45.25,1278.02,344.02,2815.09,0.8,1
77.82,104.45,60.09,15.3,377.72,334.04,1779.1,0.99,0
73.77,79.35,107.21,24.49,1130.79,233.65,2541.96,0.47,0
96.45,93.27,53.18,16.38,1388.28,253.99,1626.98,0.34,1
67.25,88.8,128.12,19.01,1028.41,323.9,2983.96,0.74,0
51.58,54.5,114.08,22.87,147.85,181.51,2240.06,0.66,0
77.37,75.04,106.51,45.25,657.98,207.67,1808.41,0.36,0
123.24,44.78,94.78,24.26,154.42,184.42,2004.27,0.35,0
61.21,102.48,83.19,16.26,1161.77,259.0,2597.76,0.58,1
107.6,71.19,69.29,49.57,1182.02,293.39,2595.94,0.58,1
120.9,90.99,128.77,37.22,271.53,315.37,2667.94,0.41,0
70.78,51.23,52.75,39.99,206.54,265.7,2730.88,0.44,0
65.38,59.9,82.43,46.83,828.73,100.04,2238.77,0.52,0
98.25,64.17,66.33,25.99,827.3,219.01,1346.97,0.81,1
127.09,81.93,96.76,38.8,1378.49,345.65,1656.01,0.54,1
53.47,61.17,70.6,43.19,758.35,225.76,2760.91,0.22,0
116.31,84.26,59.7,16.09,695.78,79.26,1733.09,0.49,1
50.61,105.66,112.07,42.82,364.62,247.62,2234.44,0.27,0
74.25,67.85,104.02,15.9,326.65,234.61,1710.84,0.39,0
119.51,87.43,67.08,20.71,304.92,81.87,2818.68,0.99,0
79.14,59.33,64.63,31.47,449.81,314.58,2822.38,0.7,0
64.11,60.22,62.46,46.74,816.15,145.24,2009.79,0.54,0
51.65,42.35,52.77,42.15,1275.17,318.67,2931.72,0.86,1
72.92,73.74,77.64,48.66,204.31,245.25,1438.36,0.82,0
115.53,100.38,111.58,11.24,922.77,261.56,1341.92,0.88,1
59.29,88.06,101.52,30.35,704.53,265.85,2926.16,0.39,0
74.44,75.74,118.69,36.78,373.8,349.66,1970.03,0.99,0
103.73,68.53,101.95,30.11,623.11,312.99,2455.78,0.68,1
75.97,61.0,108.99,34.99,400.38,249.36,2133.19,0.34,0
128.05,48.78,89.55,31.2,133.57,140.12,2744.18,0.21,0
79.97,81.56,116.07,33.85,755.0,218.27,1409.2,0.35,0
54.83,94.1,96.39,47.96,1115.55,335.45,2262.86,0.67,0
59.71,98.42,83.84,47.23,747.26,312.78,2571.79,0.26,0
89.86,86.98,90.84,32.94,1233.54,82.6,2933.56,0.59,0
82.28,106.86,95.17,38.52,1051.37,215.22,2202.71,0.53,0
63.19,87.31,68.64,23.83,376.48,80.73,1737.09,0.94,0
67.08,52.72,68.94,11.28,823.57,184.46,1825.74,0.23,1
94.85,83.59,69.86,33.87,418.43,96.31,1419.33,0.91,0
58.25,63.84,59.86,37.37,798.65,122.24,2564.35,0.23,0
54.56,77.1,88.82,46.34,656.48,333.11,1978.02,0.8,0
126.45,57.33,123.97,14.9,754.99,131.32,1373.77,0.23,1
53.27,49.37,71.53,33.26,1017.54,205.33,2248.02,0.99,0
79.99,54.09,81.68,12.21,453.73,176.44,1716.18,0.47,1
105.16,75.03,79.33,34.31,632.27,191.52,1332.69,0.89,1
56.95,54.62,54.29,13.55,375.74,332.59,1970.83,0.37,0
64.55,77.27,101.32,28.2,1047.9,213.38,1658.16,0.41,0
72.4,68.95,50.86,24.07,221.72,94.58,1593.97,0.81,0
105.61,71.78,84.15,26.7,352.92,188.91,2905.1,0.37,0
114.18,58.1,128.33,23.36,566.71,281.84,2961.31,0.46,1
96.04,49.95,64.79,36.94,321.95,249.29,2088.51,0.87,0
109.8,88.09,90.05,37.72,1307.27,219.43,2854.93,0.42,1
70.78,98.69,118.16,47.8,1430.83,309.1,1644.21,0.47,0
56.68,63.97,108.47,32.07,1199.93,348.29,1824.27,0.97,0
65.35,49.89,71.45,36.72,126.84,180.89,1617.39,0.47,0
91.25,75.09,58.45,34.86,457.01,349.62,1724.46,0.29,0
116.42,93.98,98.79,47.2,1472.66,304.47,1584.52,0.27,1
64.67,68.78,70.79,40.14,1181.14,78.87,2361.29,0.37,0
76.03,98.06,53.33,16.14,887.96,246.19,2134.94,0.26,0
64.53,99.76,83.39,39.17,893.02,273.67,2222.59,0.56,0
55.9,49.15,83.47,30.69,219.28,156.03,1661.46,0.93,0
105.11,75.17,66.34,12.16,692.03,209.92,2125.53,0.23,1
87.0,46.25,76.53,42.31,487.84,305.49,1909.89,0.47,1
109.72,59.71,89.85,24.66,538.71,161.64,2460.21,0.33,1
110.93,64.36,118.09,38.93,638.94,138.74,1432.0,0.69,1
120.98,97.55,117.96,38.37,172.86,283.26,2340.65,0.22,0
119.98,54.37,65.8,45.13,1246.75,81.35,2876.99,0.9,1
92.51,80.04,125.17,27.71,462.65,300.67,2302.16,0.72,0
101.64,45.53,106.17,44.67,980.76,303.64,1867.32,0.61,1
66.47,68.78,105.02,26.97,320.33,107.9,1506.65,0.8,0
71.77,78.69,77.33,19.6,576.54,308.54,1427.4,0.39,0
108.26,92.42,95.26,43.44,1196.61,304.33,1561.76,0.21,1
122.09,108.67,109.38,29.65,1172.07,308.41,1659.6,0.52,0
68.13,52.97,60.02,33.21,339.32,336.24,2103.18,0.68,0
122.51,64.31,114.33,22.81,718.17,323.3,2688.66,0.98,1
52.12,93.59,88.71,17.98,1377.62,236.91,1761.52,0.33,1
129.74,46.47,57.81,26.98,386.28,279.91,2673.02,0.78,1
115.7,87.57,77.65,23.13,338.21,239.27,1910.58,0.25,0
100.22,58.19,104.05,22.17,452.0,228.39,1594.45,0.62,1
114.63,107.26,76.35,36.7,1470.4,242.71,1456.29,0.79,0
112.81,58.21,115.95,20.51,668.51,116.84,1402.76,0.48,1
119.29,75.73,100.05,41.96,1063.24,196.69,2177.78,0.38,1
91.58,62.77,96.65,31.46,1117.77,243.32,2811.29,0.85,1
53.15,61.89,78.28,22.19,937.46,329.52,1432.03,0.32,0
50.37,56.01,73.12,30.81,1489.93,90.18,2236.75,0.2,1
75.15,51.06,93.85,22.77,644.39,344.89,2965.07,0.43,1
73.56,46.57,80.23,28.55,1390.04,267.23,2435.36,0.28,1
66.01,44.66,60.75,49.13,1363.14,78.08,1673.89,0.83,1
50.26,68.01,127.27,38.48,1317.87,138.51,1381.28,0.94,0
60.24,56.94,103.74,17.64,818.31,295.74,2911.46,0.67,0
73.09,87.43,90.44,36.47,1448.02,341.16,1556.35,0.31,0
127.2,108.19,129.66,27.51,1068.11,128.74,2564.4,0.92,1
52.82,57.58,80.07,42.13,881.74,189.8,2724.85,0.38,0
61.27,54.1,60.08,29.46,773.58,262.33,1863.37,0.97,0
126.52,60.75,73.95,11.51,1198.84,123.71,2820.93,0.6,1
114.03,60.0,121.27,34.99,790.91,120.95,2462.34,0.75,1
119.84,57.53,118.36,43.25,1114.87,237.59,2911.01,0.65,1
71.58,41.57,108.92,20.17,1155.51,95.01,1363.2,0.91,1
94.3,63.83,104.1,38.65,1422.93,336.33,1914.51,0.52,1
98.85,76.33,120.39,39.64,948.06,297.61,2345.62,0.44,1
127.88,105.88,109.08,15.24,1134.29,304.69,2993.18,0.85,1
62.48,59.04,61.94,16.29,895.86,206.07,2198.77,0.83,1
129.53,78.97,120.17,22.82,1063.06,163.38,1486.76,0.64,1
99.04,68.54,51.33,28.59,1094.34,259.43,1573.98,0.49,1
69.77,78.39,72.6,19.84,393.53,240.8,2458.61,0.83,0
58.78,70.1,85.02,45.67,376.37,325.17,1612.71,0.29,0
95.88,41.93,101.35,25.84,733.06,154.38,2952.47,0.38,1
89.64,107.69,62.25,22.13,1075.11,133.81,2843.82,0.56,0
77.71,91.02,105.3,17.89,1010.42,82.05,2599.76,0.61,0
117.37,65.11,97.76,17.48,696.97,193.87,1986.83,0.37,1
105.16,77.92,51.75,29.71,891.1,275.94,1302.27,0.75,1
81.51,59.27,114.01,29.18,1057.18,140.37,2958.42,0.34,1
88.76,103.7,105.23,31.63,1287.78,323.26,1642.9,0.91,0
87.39,87.61,90.39,10.73,293.52,182.81,1306.97,0.28,0
99.37,57.43,81.56,37.44,783.67,163.77,1377.95,0.62,1
81.14,108.5,109.89,35.68,116.3,172.32,1639.09,0.28,0
97.7,69.28,92.6,21.37,1094.29,75.68,1912.11,0.96,1
78.49,73.06,90.89,32.89,707.21,204.39,1752.59,0.87,0
114.81,66.92,126.37,47.13,251.15,193.89,1432.04,0.54,0
61.91,62.76,63.17,29.69,142.59,78.03,1692.39,0.4,0
103.81,54.81,60.7,15.37,432.52,136.57,2851.92,0.61,1
69.36,56.79,51.03,11.3,353.75,189.69,1800.59,0.87,0
81.69,64.84,68.01,26.84,107.88,169.44,2203.04,0.88,0
110.05,89.39,57.84,21.19,933.06,313.79,2929.48,0.49,1
72.46,102.46,54.55,35.77,1083.83,287.6,2612.08,0.95,0
107.78,63.25,75.29,28.42,481.45,310.26,2421.87,0.75,1
106.55,101.57,104.6,22.28,1266.58,345.31,1987.33,0.32,0
83.13,80.45,86.45,13.15,992.95,155.47,2780.99,0.54,0
80.07,51.51,71.44,14.12,1480.44,77.81,2589.9,0.64,1
84.71,64.83,116.11,42.98,754.86,268.82,2425.26,0.96,0
121.74,50.0,84.2,39.96,1136.44,311.43,1428.05,0.59,1
121.78,103.5,119.83,35.71,652.99,157.84,1696.77,0.25,0
69.79,50.0,99.23,45.53,1342.59,99.84,2525.93,0.39,1
89.74,100.19,106.12,14.81,287.52,271.65,2603.41,0.64,0
76.82,64.99,65.94,38.39,579.17,193.18,2171.56,0.62,0
67.91,89.98,98.06,26.32,856.04,83.36,1455.13,0.92,0
60.27,79.74,55.28,39.0,1134.59,167.44,2864.66,0.77,0
79.86,102.59,80.57,30.12,1383.94,93.11,2511.62,0.36,0
53.36,72.67,100.98,47.76,765.99,168.42,2133.78,0.44,0
90.6,47.38,60.43,28.33,341.07,132.41,1620.62,0.36,0
83.17,65.0,81.38,17.74,1125.44,310.21,1773.44,0.83,1
68.69,82.7,109.25,27.3,1152.35,325.69,2766.05,0.38,0
114.55,88.19,53.53,32.6,226.27,320.64,1743.37,0.44,0
52.3,60.97,104.33,12.12,931.19,311.03,2383.56,0.63,0
102.71,85.4,126.37,20.28,578.4,314.07,1776.67,0.64,0
104.41,69.93,110.83,45.61,794.51,189.31,1896.1,0.37,1
100.9,107.07,78.7,31.98,611.63,121.67,2412.79,0.45,0
116.2,103.31,121.28,34.15,113.08,163.64,1762.82,0.52,0
118.96,106.11,70.71,11.6,890.02,116.08,1368.03,0.44,1
116.88,109.5,127.68,21.1,654.04,270.05,2463.16,0.82,0
87.97,96.47,121.64,18.67,670.04,237.32,1886.29,0.4,0
117.35,69.83,96.06,38.37,987.95,150.64,1640.38,0.33,1
111.67,56.45,69.39,31.46,1008.17,237.85,2169.53,0.48,1
115.16,71.25,61.63,48.71,905.7,298.85,2196.41,0.44,1
59.06,90.28,118.77,22.66,272.08,238.88,2314.33,0.98,0
79.68,54.16,70.61,28.83,1309.46,114.85,1635.89,0.65,1
93.81,89.61,124.15,22.13,1091.65,202.84,1617.15,0.33,0
50.88,47.18,125.28,40.53,1309.51,262.04,1827.04,1.0,0
112.01,73.93,105.13,48.01,345.94,201.56,1860.69,0.51,0
86.92,105.4,88.87,42.91,1042.75,105.55,2862.26,0.36,0
81.77,85.83,69.26,25.34,791.39,174.22,2963.38,0.83,0
59.71,65.38,85.67,25.25,1151.78,255.6,1720.2,0.89,0
64.51,40.0,59.86,11.51,1192.73,292.21,1366.25,0.26,1
127.57,72.08,124.75,30.54,278.24,297.73,1772.2,0.72,0
73.72,108.85,115.28,22.61,1046.14,348.12,2105.0,0.56,0
111.52,91.65,94.41,13.02,857.87,239.14,1554.03,0.82,1
74.45,42.75,82.51,45.23,559.41,329.8,2742.85,0.95,1
71.87,107.02,123.04,43.41,1193.9,94.53,1302.05,0.49,0
92.69,72.55,75.82,23.08,952.6,119.11,2653.79,0.5,1
111.46,81.93,90.19,37.08,1184.84,311.84,1630.35,0.27,1
67.28,59.42,58.28,40.48,731.27,349.1,1719.76,0.24,0
64.84,78.98,79.46,27.36,1065.95,151.85,2935.87,0.21,0
67.89,73.29,125.94,47.36,512.9,294.59,2237.26,0.67,0
74.63,56.02,66.88,18.43,1115.8,211.36,1869.58,0.84,1
57.49,46.76,121.83,17.62,236.67,340.38,1632.93,0.55,0
66.13,57.26,109.38,48.46,598.36,123.69,2268.5,0.94,0
92.01,44.38,87.38,25.75,930.42,269.74,1817.11,0.68,1
128.4,102.21,74.27,47.68,1175.79,347.47,2855.63,0.23,1
90.67,101.55,103.54,25.48,621.14,192.34,1888.15,0.21,0
124.62,71.38,57.31,43.82,1097.64,164.92,1568.07,0.28,1
126.77,52.92,100.45,20.48,439.8,297.81,1857.78,0.73,1
104.66,43.73,60.05,14.65,546.18,311.99,1620.27,0.49,1
55.86,101.8,71.97,32.78,350.85,291.41,2057.24,0.53,0
57.3,92.93,97.95,12.33,419.29,240.28,1555.76,0.74,0
114.12,53.34,80.63,39.94,477.29,214.67,2277.08,0.87,1
127.59,44.39,81.35,42.71,727.44,275.48,1859.53,0.93,1
70.02,68.77,91.3,11.17,792.98,127.47,2949.1,0.26,0
64.2,82.08,53.9,39.71,566.54,343.29,2067.27,0.72,0
114.67,64.47,129.07,19.43,238.56,169.82,2224.02,0.81,0
94.41,91.2,87.11,29.62,1121.45,167.67,2240.01,0.42,0
98.57,91.91,122.95,46.67,171.2,261.96,2946.73,0.84,0
91.14,108.69,62.51,15.16,418.69,320.52,2260.79,0.21,0
111.68,60.1,76.56,18.2,845.23,302.68,2348.01,0.76,1
102.7,98.3,57.05,25.07,576.81,335.88,2471.57,0.38,0
55.43,64.77,79.07,25.2,100.07,258.49,2889.78,0.61,0
85.01,79.66,61.69,42.13,1493.22,225.03,2266.91,0.71,0
125.54,43.96,124.41,34.15,824.69,201.59,2233.2,0.28,1
124.16,54.76,101.51,12.26,653.68,310.01,1758.72,0.69,1
56.07,45.02,81.48,28.83,1323.01,95.63,1654.5,0.99,1
76.74,70.64,128.18,17.77,1156.82,265.47,1612.36,0.41,0
97.27,62.76,57.73,15.69,372.71,200.85,1915.9,0.48,1
97.83,99.5,112.36,43.93,1221.92,219.36,2574.2,0.38,0
96.83,56.9,75.68,17.03,378.36,214.15,1613.02,0.45,1
50.97,61.97,58.56,15.13,788.6,277.61,1723.13,0.45,1
85.5,109.69,126.26,35.79,631.86,197.08,2583.38,0.68,0
113.33,51.2,57.87,49.53,900.56,126.54,2962.42,0.96,1
120.47,44.48,110.52,28.47,946.93,124.4,1511.65,0.68,1
108.32,100.94,96.03,11.41,449.94,150.39,2788.06,0.71,0
89.33,92.58,85.41,19.9,1250.21,109.8,2421.54,0.46,0
117.94,40.85,117.8,10.01,909.52,316.15,2941.56,0.65,1
66.4,101.31,56.45,45.85,296.06,117.04,1481.77,0.25,0
120.19,61.28,75.22,48.8,1494.12,178.39,2002.81,0.48,1
86.96,106.6,89.44,44.02,222.88,271.94,2073.34,0.27,0
111.09,69.58,110.79,34.61,721.3,242.54,1395.14,0.79,1
53.37,61.9,88.8,34.93,692.02,176.27,1607.81,0.69,0
64.5,94.82,54.38,13.02,1155.13,138.55,1443.95,0.28,1
61.77,108.53,82.85,46.8,1048.66,343.53,1359.34,0.99,0
82.7,69.36,69.0,23.61,106.1,152.24,1428.1,0.79,0
104.52,60.53,101.9,46.13,1113.01,106.95,1858.06,0.24,1
95.44,68.32,75.77,13.14,1238.1,331.1,2218.11,0.77,1
124.65,100.79,99.8,31.19,589.26,307.75,2502.36,0.85,0
113.18,76.26,62.36,39.53,391.23,106.53,1803.19,0.33,0
54.89,65.22,114.71,17.99,1441.66,330.5,1438.9,0.4,1
98.6,53.87,103.7,34.93,594.87,76.47,2154.08,0.54,1
110.66,78.74,74.36,24.76,1423.88,137.47,1308.16,0.71,1
100.93,80.38,71.57,23.68,224.89,314.28,2505.51,0.4,0
68.4,82.54,83.55,27.7,271.62,242.67,2034.99,0.7,0
76.47,72.48,100.03,25.09,399.32,255.34,1387.93,0.98,0
52.89,93.86,109.33,12.89,502.26,173.78,2064.12,0.22,0
104.24,80.91,96.54,40.99,1446.3,134.45,1949.46,0.77,1
73.33,88.2,74.39,24.2,504.85,147.74,2765.86,0.26,0
55.45,42.11,74.76,37.12,872.83,167.09,1445.63,0.62,1
120.93,72.97,104.61,35.35,946.46,269.86,1616.14,0.49,1
108.45,52.26,65.4,27.52,366.64,113.4,1357.05,0.55,1
124.16,54.53,53.92,10.96,130.28,185.18,2470.08,0.8,0
64.28,105.85,120.69,47.27,1065.58,266.0,1442.72,0.91,0
120.7,104.02,95.67,48.36,554.04,285.82,1641.48,0.35,0
79.64,70.37,61.74,29.4,803.57,244.06,2899.08,0.5,0
64.19,66.14,50.6,10.37,1406.59,297.5,1819.86,0.67,1
110.11,74.48,55.78,14.67,274.46,343.85,2765.43,0.95,0
128.92,101.61,98.35,27.67,676.93,88.19,2325.6,0.83,0
125.42,71.52,52.92,13.64,706.16,337.02,1627.38,0.38,1
77.91,40.09,91.03,44.28,1344.77,342.44,1507.55,0.63,1
62.93,69.58,60.04,46.8,1411.73,158.99,1521.77,0.81,0
92.57,51.69,118.91,30.99,672.95,176.29,2214.47,0.76,1
68.3,59.38,121.23,17.84,1139.23,162.89,2025.14,0.85,0
94.16,55.7,63.3,21.67,217.33,311.24,2744.22,0.51,0
56.42,89.92,108.03,19.85,796.71,131.26,2290.88,0.29,0
119.87,91.2,100.14,28.29,892.05,134.59,2092.52,0.6,1
60.83,43.59,89.92,22.59,1246.23,85.39,1914.11,0.66,1
115.97,65.98,96.05,47.83,666.88,285.93,2920.18,0.77,1
91.61,89.55,95.14,30.25,143.64,75.26,2971.51,0.35,0
77.3,42.1,89.36,15.19,1400.63,168.75,1395.17,0.95,1
100.72,44.93,85.67,13.87,483.48,333.61,1672.93,0.96,1
81.85,55.55,81.47,48.63,201.29,110.36,2339.06,0.42,0
109.04,96.49,109.95,48.24,1294.44,309.56,2996.94,0.51,0
76.76,81.18,124.92,26.81,1149.48,145.88,2595.8,0.5,0
53.76,100.32,100.78,37.09,1292.08,268.16,2818.34,0.87,0
71.81,60.96,113.6,30.01,1282.59,109.68,1814.68,0.27,1
84.85,68.13,74.33,27.87,248.34,302.95,2770.14,0.35,0
105.65,106.27,58.76,35.91,488.97,301.33,1594.31,0.91,0
127.59,63.93,86.83,35.57,339.66,156.47,1942.89,0.89,0
72.96,68.68,111.52,19.67,499.88,98.64,2477.77,0.83,0
62.27,89.82,58.54,43.04,1354.14,291.33,1797.63,0.56,0
50.97,79.76,63.1,20.54,1402.49,183.65,2674.47,0.3,1
86.76,78.27,100.65,30.16,1172.44,77.3,2265.95,0.5,0
88.51,54.87,105.34,33.98,1063.15,120.28,1842.05,0.82,1
61.11,97.58,96.0,28.16,1286.3,288.61,2798.49,0.79,0
60.33,93.82,57.02,34.28,1329.36,206.74,1451.72,0.46,1
62.35,94.18,61.07,42.35,759.64,275.03,2891.04,0.36,0
55.96,51.53,103.91,14.27,728.77,213.48,2767.85,0.84,0
102.56,70.95,104.75,20.93,1300.72,76.28,2021.37,0.21,1
50.93,95.49,127.75,42.24,1235.01,274.85,2288.02,0.71,0
63.01,47.65,72.85,42.31,1126.66,193.73,2970.22,0.57,1
121.54,86.32,107.23,21.24,657.9,255.46,2896.68,0.36,1
62.69,105.54,64.72,30.73,1405.7,334.34,1605.2,0.4,1
100.91,66.28,84.27,24.56,1420.8,257.69,1894.41,0.7,1
56.84,42.63,122.87,26.87,1420.7,160.91,1318.64,0.54,1
76.93,48.79,103.05,25.16,552.17,120.58,2582.69,0.63,1
106.08,67.26,72.45,32.49,445.45,174.88,2923.31,0.48,0
121.22,66.27,95.11,38.59,353.71,163.51,2647.93,0.46,0
71.78,51.71,78.13,29.01,1000.97,127.81,2520.13,0.95,1
52.6,68.84,119.15,44.51,730.37,171.56,1588.62,0.41,0
81.92,40.85,115.57,47.3,600.14,267.58,2934.43,0.49,1
57.32,91.71,86.45,42.17,943.93,330.26,1862.54,0.74,0
119.49,42.76,62.7,12.82,828.25,174.15,1532.38,0.92,1
86.92,40.76,97.68,45.17,1073.9,271.59,1903.73,0.4,1
114.24,107.74,84.8,35.62,1484.43,227.76,2231.15,0.62,0
57.87,43.69,83.29,10.84,847.03,103.97,1509.53,0.39,1
98.62,67.93,116.73,37.57,783.03,86.0,1588.73,0.57,1
90.18,79.49,111.08,33.96,714.64,332.9,1442.63,0.68,0
86.73,48.6,124.76,45.27,477.96,187.71,2663.26,0.59,0
129.02,68.48,86.75,31.38,1421.3,250.88,1802.14,0.29,1
51.86,95.23,117.13,43.1,417.57,216.09,2514.97,0.74,0
50.4,60.46,56.88,26.09,527.58,82.83,1898.11,0.94,0
94.62,95.71,94.05,48.85,1111.24,327.4,1330.23,1.0,0
75.89,100.12,107.41,14.5,766.87,282.72,2702.4,0.35,0
70.63,67.52,123.54,35.53,1472.07,315.06,2661.18,0.55,0
77.66,95.52,73.31,22.64,1022.4,269.36,1725.63,0.66,0
116.79,86.27,77.37,13.74,418.39,177.17,2689.72,0.6,0
105.6,57.73,65.41,22.83,533.67,116.22,1585.42,0.2,1
79.77,77.21,83.39,32.73,1302.58,78.38,1517.83,0.66,0
91.68,72.76,76.14,27.53,550.33,194.62,2396.67,0.92,0
127.95,108.65,70.91,18.87,338.2,156.96,2601.35,0.48,0
95.38,50.28,119.44,33.64,587.16,297.77,1389.54,0.24,1
55.78,81.8,122.77,36.17,534.84,311.28,1967.68,0.58,0
117.11,84.84,118.32,12.08,662.73,283.32,2307.23,0.59,1
64.92,48.84,57.6,49.46,1059.75,169.75,2580.46,0.9,1
66.63,48.95,50.48,19.19,611.12,216.46,2806.7,0.31,1
84.09,51.23,125.81,28.25,1372.48,113.93,2447.74,0.93,1
123.67,100.94,86.55,16.52,379.13,174.3,2287.29,0.84,0
111.15,72.06,128.89,12.26,1259.58,333.74,1315.71,0.24,1
51.97,75.22,128.64,15.42,720.11,182.15,2165.49,0.62,0
74.37,47.99,128.18,38.55,479.93,320.75,1705.05,0.43,0
123.95,87.98,126.25,48.38,778.99,324.39,2920.6,0.27,0
127.06,78.01,120.37,40.65,121.37,219.11,2329.18,0.37,0
94.31,95.34,78.62,14.68,1010.13,88.76,1936.37,0.98,0
68.56,73.82,53.2,36.87,483.97,104.97,1561.37,0.95,0
105.7,59.34,80.38,43.44,1107.38,334.93,2445.71,0.85,1
120.19,82.5,102.78,43.7,1243.63,301.35,2620.61,0.78,1
129.59,61.83,74.13,48.17,798.39,185.76,1659.58,0.91,1
99.62,75.04,129.76,48.21,1259.5,342.11,2296.23,0.23,1
93.94,103.53,96.45,34.72,283.3,227.03,2033.9,0.32,0
58.96,65.75,53.78,35.35,301.16,315.63,1800.39,0.35,0
63.36,44.71,69.52,12.62,1061.7,115.5,2979.72,0.7,1
108.99,44.71,103.03,18.77,824.36,76.55,1729.82,0.57,1
84.03,81.66,78.58,18.71,1021.6,93.8,2547.91,0.35,0
69.78,97.05,88.73,14.84,205.78,327.32,2078.45,0.23,0
62.0,74.5,119.98,36.38,1338.4,193.72,2644.01,0.31,0
109.86,61.93,118.7,39.02,325.54,122.52,2371.72,0.59,0
71.98,69.3,72.33,38.82,847.64,193.81,2245.4,0.37,0
93.74,78.05,118.05,42.59,1318.28,283.22,2674.38,0.93,1
68.77,74.03,54.56,11.75,378.48,179.81,2741.47,0.22,0
115.37,58.73,71.64,36.22,112.94,205.88,2539.0,0.62,0
113.99,44.83,58.79,47.73,1234.61,216.25,1493.69,0.54,1
126.32,86.1,63.75,17.54,920.19,103.75,1433.76,0.46,1
74.94,44.74,76.42,14.23,1090.53,138.84,1973.24,0.26,1
88.68,50.84,56.02,11.87,250.31,191.57,2453.52,0.74,0
117.53,100.06,127.33,36.78,425.18,127.77,2403.38,0.79,0
110.63,44.17,60.57,38.69,967.22,234.49,2975.58,0.31,1
124.45,51.25,116.76,37.71,407.01,304.09,1784.34,0.23,0
111.0,77.08,118.6,49.0,1208.75,236.58,2366.97,0.57,1
126.53,63.41,90.26,18.38,1356.51,315.26,2856.68,0.66,1
102.49,82.83,91.44,17.93,830.24,79.08,1805.1,0.99,1
122.43,79.1,85.35,16.57,1205.81,175.72,1904.26,0.82,1
128.73,46.44,123.81,30.81,1293.73,99.47,1789.97,0.32,1
96.93,61.97,128.05,24.69,663.02,150.92,1546.9,0.9,1
110.36,84.58,60.16,44.28,1439.57,210.25,1691.72,0.24,1
103.45,50.61,80.94,29.67,113.58,243.36,1937.57,0.26,0
105.05,97.47,100.14,23.64,852.53,110.04,1989.39,0.93,0
80.71,80.83,111.75,28.74,869.97,128.96,1359.47,0.41,0
93.96,103.01,81.45,16.28,532.98,306.12,2714.78,0.82,0
70.75,61.29,109.33,44.06,875.22,306.6,2636.73,0.23,0
51.95,64.26,92.29,10.81,899.85,181.26,2252.89,0.56,1
111.79,44.62,113.89,27.68,233.97,118.8,2763.92,0.72,0
102.07,50.01,103.66,17.15,444.78,140.72,2810.61,0.79,1
117.35,61.2,50.02,13.59,1114.19,183.52,2874.52,0.88,1
86.18,56.24,89.28,13.44,838.67,283.41,2794.29,0.59,1
85.68,101.0,97.78,34.86,1404.72,230.12,1373.46,0.4,0
69.36,99.03,63.29,22.06,506.4,152.45,2217.16,0.53,0
94.02,73.92,53.94,20.1,146.81,334.89,2240.0,0.39,0
52.44,82.75,93.22,15.71,1457.22,218.65,2026.67,0.81,1
65.9,76.36,104.12,22.2,680.79,297.03,2005.63,0.34,0
84.56,41.53,73.78,31.85,738.86,102.72,1596.73,0.97,1
61.99,70.3,116.2,21.49,276.92,76.6,2012.96,0.79,0
60.6,87.42,61.54,13.75,875.52,335.59,2642.05,0.81,1
89.61,79.29,73.16,15.08,475.59,113.71,1908.12,0.32,0
100.52,58.48,105.6,43.98,371.59,177.25,1932.97,0.27,0
74.9,59.49,93.63,13.39,209.58,342.14,2855.93,0.27,0
56.73,107.28,55.82,40.99,1446.1,324.67,1728.57,0.94,1
91.53,60.06,91.5,31.72,823.33,159.8,1684.18,0.97,1
107.06,107.51,77.31,41.03,720.65,119.39,1715.66,0.51,0
98.05,75.69,64.73,11.53,884.34,311.05,2613.77,0.44,1
112.39,86.5,120.82,49.67,424.6,240.06,2587.72,0.46,0
103.56,46.09,117.11,27.94,1304.35,291.09,2569.43,0.45,1
80.94,85.0,115.0,16.83,1122.72,192.55,2329.4,0.67,0
69.63,63.49,73.35,48.15,730.75,208.48,2700.53,0.9,0
125.25,103.3,126.18,16.15,360.74,311.67,1631.95,0.88,0
89.38,86.34,112.54,34.17,1323.09,194.1,2352.65,0.59,0
109.03,106.85,126.04,17.73,1255.43,141.64,2643.13,0.91,0
85.16,106.3,123.22,11.97,584.55,115.81,2107.04,0.37,0
69.35,86.55,106.05,15.83,610.75,112.46,2037.43,0.7,0
57.3,71.78,94.38,47.63,631.94,117.34,2964.7,0.55,0
102.13,67.37,90.37,23.54,1128.28,126.36,2448.05,0.28,1
100.2,50.42,95.62,10.4,1404.99,142.32,1410.11,0.53,1
70.61,102.24,114.85,47.76,1043.6,184.6,2715.85,0.76,0
115.8,56.59,66.94,29.3,1247.82,149.57,2170.88,0.81,1
96.59,97.65,115.28,18.25,327.59,287.21,2468.92,0.56,0
118.17,47.77,51.61,30.87,227.45,185.52,1528.58,0.3,0
91.51,94.01,124.78,15.24,1093.04,233.77,1471.96,0.55,0
85.09,103.55,73.0,29.85,1326.99,150.31,2775.31,0.72,0
52.45,85.79,50.49,31.34,745.36,185.97,1906.15,0.26,0
64.92,47.13,70.99,11.75,220.75,302.22,1392.69,0.65,0
125.32,80.4,68.14,28.22,823.97,75.59,2334.77,0.26,1
125.52,61.47,92.83,21.19,217.46,339.07,2557.01,0.99,0
124.99,64.84,85.42,48.93,107.04,110.8,2438.53,0.26,0
128.4,66.67,129.7,18.02,673.08,199.87,1977.72,0.78,1
82.68,45.68,69.98,21.13,941.52,184.76,2260.24,0.57,1
84.47,97.78,57.4,16.5,112.95,285.0,2232.82,0.49,0
97.65,76.26,86.64,19.28,505.3,153.98,1584.94,0.24,0
53.26,87.33,75.19,12.24,710.7,211.99,2240.78,0.34,0
99.33,84.2,88.01,42.5,530.72,309.36,2122.26,0.42,0
100.2,106.6,77.76,46.43,381.64,272.35,1768.74,0.55,0
78.27,61.45,77.28,39.42,1265.89,188.87,1408.59,0.62,1
123.67,51.39,90.94,41.82,584.77,304.13,1394.33,0.39,1
103.41,96.2,82.73,29.89,1241.25,125.23,1345.51,0.27,0
119.37,74.14,62.11,12.63,197.5,344.3,2881.01,0.34,0
75.87,79.96,75.25,17.07,1181.5,305.03,1637.28,0.97,1
126.65,75.99,85.75,15.21,1282.93,289.49,2867.14,0.95,1
75.95,95.84,69.57,25.89,246.12,341.7,1527.05,0.48,0
70.98,41.76,85.74,27.44,876.05,198.24,2504.65,0.65,1
63.14,92.32,59.63,28.39,346.53,175.14,1670.26,0.98,0
103.1,92.37,77.84,24.54,333.99,305.88,1753.14,0.95,0
54.11,40.8,66.48,43.12,1108.61,277.58,1359.77,0.36,1
87.78,66.63,53.6,10.85,1337.94,137.43,2233.73,0.63,1
117.36,68.22,51.6,15.45,564.9,292.86,2191.29,0.22,1
109.52,71.34,69.89,21.41,1358.09,137.39,2342.58,0.52,1
110.22,85.45,74.08,42.91,276.59,160.21,1405.94,0.74,0
62.08,51.3,87.94,19.79,924.97,185.4,2969.26,0.95,1
76.95,92.62,96.28,17.75,1419.22,161.28,1385.98,0.64,1
94.77,99.85,64.33,15.62,1110.12,340.59,2355.91,0.94,1
112.04,100.67,100.03,12.88,808.04,336.12,1868.22,0.43,0
67.94,107.4,68.7,24.03,880.93,231.86,2971.47,0.9,0
101.27,91.73,121.67,32.17,103.69,336.11,2251.73,0.53,0
60.95,61.69,76.23,46.46,1468.8,267.13,2774.95,0.24,0
127.01,89.16,120.01,20.78,947.14,89.72,1833.59,0.55,1
69.3,88.37,112.46,27.01,1175.85,134.29,1698.72,0.51,0
54.38,40.63,121.06,44.38,907.87,130.47,2025.84,0.21,0
100.98,97.86,58.6,10.52,1413.04,275.23,1777.75,0.51,1
129.01,60.13,106.53,42.24,613.74,260.83,2383.42,0.34,1
129.01,61.97,86.0,38.27,1011.68,123.76,2032.22,0.38,1
76.74,102.86,68.75,35.64,175.46,110.46,1774.02,0.42,0
68.18,101.67,95.46,23.47,587.87,189.32,1751.41,0.64,0
125.45,51.29,119.88,42.83,261.56,345.06,2024.68,0.24,0
94.54,41.35,81.45,10.64,919.68,156.91,2866.38,0.33,1
58.12,59.6,96.85,20.34,277.85,291.85,2826.98,0.57,0
127.48,73.75,55.66,23.44,851.27,332.39,1426.0,0.65,1
75.23,105.21,80.03,11.03,750.79,159.15,2894.06,0.72,0
57.77,70.42,82.06,18.62,1210.95,98.1,2699.87,0.27,1
99.35,85.86,84.04,29.32,479.27,306.92,2204.6,0.34,0
126.05,73.99,103.63,44.26,590.38,140.26,1663.73,0.69,1
59.59,79.18,102.95,31.59,1459.27,246.59,1766.1,0.55,0
55.33,48.31,129.95,10.98,802.98,193.21,2560.74,0.47,0
92.16,71.27,102.47,10.03,757.52,159.36,2926.1,0.94,1
129.59,58.11,75.24,20.47,289.59,276.88,2511.38,0.89,0
54.5,74.22,83.27,11.64,1439.54,80.56,2022.28,0.79,1
54.65,71.48,78.89,30.73,1159.15,83.83,2028.88,0.51,0
107.98,108.63,127.59,27.95,1284.57,145.02,2055.05,0.58,0
72.15,97.53,118.27,17.88,1296.08,281.57,2783.48,0.52,0
96.5,61.83,90.62,24.22,925.26,206.42,2721.11,0.51,1
78.65,74.13,114.95,13.44,819.09,187.6,1471.51,0.48,0
118.24,48.05,127.55,13.45,1216.92,80.47,2949.13,1.0,1
90.25,84.53,112.75,10.29,1262.05,234.04,2415.45,0.3,1
102.52,61.23,97.63,28.23,120.93,102.52,2361.75,0.65,0
111.63,98.65,80.18,17.34,206.52,326.76,2858.0,0.52,0
121.84,66.99,111.42,19.57,1108.45,113.79,2877.33,0.5,1
114.94,72.14,113.71,16.33,266.39,221.63,1972.6,0.84,0
61.18,44.6,123.2,23.49,665.34,177.43,2679.47,0.66,0
56.96,87.1,93.71,12.82,682.1,304.77,1591.57,0.71,0
105.52,43.5,55.45,24.2,300.31,338.74,2456.1,0.92,1
104.44,40.14,109.39,38.59,1375.11,258.68,2430.63,0.28,1
90.93,40.31,114.19,36.63,148.72,135.47,1409.13,0.35,0
99.61,72.9,50.79,43.47,422.69,125.23,1934.64,0.61,0
113.86,92.05,82.12,20.23,813.63,246.53,2559.38,0.35,1
107.31,77.26,60.86,47.47,1396.05,136.89,2940.3,0.49,1
55.08,103.65,109.77,20.33,247.72,211.68,1658.77,0.37,0
97.39,57.96,109.04,38.8,834.21,254.82,2061.42,0.25,1
62.13,50.31,88.66,21.22,127.45,88.16,1556.25,0.66,0
116.82,108.54,81.1,29.56,608.46,109.54,2343.85,0.58,0
51.45,70.59,73.85,28.7,712.19,122.68,2003.2,0.37,0
122.99,95.74,98.26,38.18,828.12,286.53,1737.6,0.91,1
52.53,70.34,112.68,15.16,471.17,194.03,2178.56,0.99,0
102.1,50.93,69.33,24.69,127.56,97.33,1610.3,0.85,0
55.14,67.43,83.37,38.81,1184.8,321.34,1362.17,0.84,0
77.16,65.87,120.99,41.57,330.63,269.83,2884.23,0.88,0
72.29,97.98,112.39,47.85,453.15,182.63,1727.83,0.33,0
110.27,53.62,113.93,29.37,1302.14,261.2,2997.12,0.6,1
63.95,98.59,129.65,31.08,503.41,92.83,2457.93,0.9,0
119.75,97.73,87.93,22.58,1023.29,257.25,2855.29,0.41,1
60.54,86.07,115.05,24.31,1375.12,247.9,2350.67,0.9,0
106.72,54.74,58.54,17.67,361.43,304.01,2097.32,0.53,1
53.26,66.87,54.37,39.79,747.44,291.25,1479.48,0.97,0
60.36,55.01,72.55,32.88,1307.01,195.81,1650.23,0.68,1
79.61,109.68,86.33,39.62,676.45,162.5,2876.35,0.55,0
105.49,56.07,81.5,15.9,132.84,305.06,1354.77,0.62,0
62.51,69.53,82.43,35.91,1300.87,269.04,1314.12,0.9,0
108.37,47.38,60.48,40.38,1430.85,271.95,2366.65,0.8,1
62.86,103.75,54.56,12.05,320.73,248.07,1695.41,0.22,0
105.6,67.45,64.07,12.14,560.49,135.02,1835.91,0.46,1
119.02,109.26,101.7,39.85,171.87,153.83,2195.47,0.36,0
71.22,40.87,96.65,14.23,589.85,80.08,2634.12,0.62,1
85.98,86.33,100.3,46.58,1060.91,246.44,2846.19,0.41,0
108.02,75.49,93.06,31.78,382.32,239.35,2395.21,0.93,0
106.24,91.2,75.88,47.33,1449.34,253.5,2333.55,0.25,1
112.13,70.03,83.66,46.22,1073.68,315.42,1470.56,0.63,1
81.83,44.07,126.91,20.13,1093.91,243.89,2597.62,0.81,1
84.02,65.97,53.97,34.62,320.5,281.29,2028.56,0.61,0
93.2,53.0,115.33,29.04,379.82,227.49,2548.17,0.77,0
71.36,58.82,82.51,47.34,1127.49,80.56,1490.86,0.76,0
85.9,69.63,123.21,42.3,608.65,207.7,2043.92,0.75,0
108.58,83.74,77.2,40.67,710.47,161.57,1926.75,0.27,0
126.02,60.3,115.26,23.82,251.09,145.72,1922.98,0.75,0
88.64,55.83,53.57,18.79,1373.75,104.47,1783.99,0.71,1
89.06,60.16,63.98,38.53,1426.47,143.39,2962.13,0.25,1
64.03,90.0,82.15,27.87,107.45,136.44,2346.93,0.83,0
108.08,44.91,97.07,10.34,344.42,248.16,2082.11,0.47,1
119.59,79.56,111.56,29.09,1016.47,269.05,1304.3,0.67,1
54.91,90.12,127.47,24.67,1303.53,107.3,1557.28,0.95,0
99.94,84.52,114.19,26.32,241.44,79.23,1932.22,0.99,0
113.09,47.02,127.25,25.26,505.09,329.27,1705.84,0.41,1
109.29,72.06,83.5,27.11,643.94,319.15,2842.1,0.4,1
70.18,45.38,110.99,26.84,773.94,108.0,2778.08,0.43,1
50.74,104.27,88.28,47.91,457.12,131.43,1321.41,0.71,0
57.64,86.7,108.03,12.21,1347.39,211.25,2075.0,0.46,1
67.96,56.94,119.21,46.73,838.88,132.61,2193.57,0.8,0
62.71,54.78,93.36,19.14,555.19,117.79,2308.54,0.51,0
67.66,48.23,98.66,34.47,561.18,143.4,2086.31,0.63,0
63.3,59.19,64.91,38.11,952.87,228.19,1882.14,0.69,0
129.44,100.9,88.7,46.99,1086.88,194.74,1894.06,0.62,1
59.51,68.12,93.89,23.89,561.96,219.1,1791.11,0.82,0
83.9,90.75,51.97,45.76,576.38,147.44,2029.38,0.39,0
71.94,64.8,120.75,14.4,1346.42,334.26,2517.36,0.48,1
62.49,73.34,101.42,27.39,257.51,158.63,2039.52,0.69,0
83.41,54.18,117.0,27.31,563.11,179.95,2122.78,0.51,0
99.43,87.24,69.1,27.49,976.74,246.02,2313.48,0.39,1
98.28,55.59,129.04,23.49,104.37,119.72,2966.55,0.22,0
73.43,55.49,92.78,13.8,1025.77,86.59,2096.85,0.26,1
125.96,84.83,75.01,38.27,197.81,322.76,1886.31,0.47,0
101.94,101.62,91.57,37.44,1362.08,219.44,2595.79,0.82,0
89.33,54.44,93.98,11.76,336.68,178.63,1889.66,0.34,0
58.53,84.52,55.44,46.55,1129.9,247.46,1913.86,0.5,0
101.0,85.97,98.48,18.24,1121.55,189.61,2262.52,0.43,1
67.34,102.27,101.79,10.33,632.21,289.91,2214.32,0.33,0
119.45,108.68,55.81,23.59,766.27,208.16,1686.11,0.57,0
78.43,77.82,126.18,20.31,1263.29,265.25,2937.29,0.23,0
81.56,48.16,122.98,38.76,352.59,81.09,1624.22,0.4,0
60.41,67.49,72.62,47.89,898.79,333.81,1616.03,0.63,0
81.78,72.18,115.51,16.59,675.98,130.63,1939.45,0.61,0
126.11,96.27,70.8,47.83,261.95,124.58,1889.95,0.59,0
85.13,107.39,79.99,19.52,225.76,136.81,2869.4,0.9,0
106.37,81.78,117.33,19.1,421.76,330.87,2623.53,0.23,0
68.98,61.33,115.61,42.13,809.17,290.62,2052.88,0.3,0
116.6,103.45,105.77,49.16,991.37,330.15,2806.07,0.4,0
100.68,92.8,109.51,37.92,272.85,233.7,2374.39,0.3,0
79.05,99.52,93.91,22.82,384.95,223.18,1313.34,0.75,0
83.51,104.37,57.0,16.26,158.63,340.76,2416.26,0.55,0
59.27,94.04,68.1,24.26,780.48,344.09,2599.17,0.65,0
73.49,75.87,125.24,35.53,1074.44,199.12,1502.73,0.44,0
56.28,101.2,125.27,30.97,478.94,152.35,2455.45,0.52,0
96.15,103.2,78.69,32.16,1215.73,311.64,1489.23,0.36,0
126.03,81.21,112.42,26.97,424.22,247.6,1684.66,0.37,0
107.78,51.6,74.63,28.14,422.89,280.95,2871.53,0.21,1
113.54,109.32,69.64,47.62,844.67,156.41,2248.51,0.21,0
89.03,63.95,84.41,45.27,1488.34,305.76,2694.59,0.41,1
106.65,95.25,72.05,34.2,1239.89,251.02,2930.14,0.64,1
102.91,70.19,77.38,38.78,1134.33,274.64,1973.1,0.31,1
88.52,48.08,127.34,46.57,986.95,272.41,2050.31,0.61,1
102.8,105.68,100.59,42.11,308.98,211.07,2514.01,0.55,0
117.97,91.83,84.12,36.77,290.75,165.92,2425.0,0.69,0
78.71,105.99,84.44,16.44,640.2,175.16,1739.69,0.63,0
106.2,52.84,88.82,12.14,1420.08,142.46,1409.93,0.88,1
119.46,42.82,92.09,33.88,811.77,184.63,2728.61,0.45,1
80.65,88.62,109.92,24.39,551.76,311.16,2501.38,0.77,0
105.6,45.53,74.3,46.89,480.61,266.24,2638.0,0.81,1
99.07,68.57,111.5,36.16,658.66,323.86,1882.99,0.85,0
52.34,60.47,68.06,33.24,662.51,259.83,1538.45,0.47,0
63.86,67.62,53.22,33.09,1145.44,136.46,1619.9,0.24,0
115.54,80.65,125.44,36.48,1126.71,298.37,2679.19,0.28,1
60.75,41.19,97.63,22.11,432.16,345.06,2526.77,0.66,0
99.89,72.64,77.97,20.51,285.03,275.01,2247.71,0.43,0
57.52,43.2,54.69,38.54,561.13,302.96,2010.36,0.73,0
101.36,108.38,118.0,38.13,367.8,218.35,1836.33,0.57,0
94.43,41.0,74.51,10.36,1202.29,89.89,1832.79,0.59,1
109.26,84.19,85.36,30.04,119.53,86.54,1931.41,0.37,0
60.97,101.92,104.93,36.49,1405.89,106.43,1661.96,0.23,0
60.21,69.16,63.46,26.72,728.48,332.0,1697.08,0.87,0
125.16,51.6,115.86,31.43,1444.37,323.54,2405.62,0.74,1
126.06,57.29,114.43,16.9,1062.2,166.55,1436.06,0.27,1
79.96,58.32,95.76,35.93,1108.38,177.75,2412.32,0.26,1
106.65,74.13,54.53,20.13,155.6,283.86,2964.72,0.99,0
108.56,103.44,110.81,44.9,234.06,123.44,1711.96,0.72,0
127.05,105.32,128.73,23.76,844.78,322.88,1684.99,0.7,0
59.97,86.66,51.06,10.51,1284.04,107.44,1806.24,0.6,1
110.92,97.87,93.75,47.65,922.78,97.8,1383.39,0.92,0
128.85,47.04,70.36,17.49,1213.1,293.79,2313.43,0.81,1
84.25,44.45,70.07,16.67,402.59,119.02,1356.4,0.23,1
90.61,40.69,77.53,37.08,469.33,337.65,2175.41,0.85,1
108.26,78.25,94.05,43.7,115.95,157.47,1884.73,0.81,0
86.38,80.67,98.59,21.45,1252.04,128.02,1483.44,0.69,0
94.9,76.63,124.31,32.55,1466.51,307.93,2743.42,0.98,1
120.41,79.99,56.16,22.53,1079.6,323.48,2247.49,0.65,1
83.74,66.8,128.2,47.83,327.71,328.58,2995.55,0.94,0
113.9,98.86,78.92,32.43,1179.59,120.3,1359.06,0.41,1
60.91,43.52,120.38,17.35,1018.6,100.03,2452.91,0.57,1
123.98,42.32,104.58,14.65,196.59,181.67,2234.98,0.9,0
69.26,85.95,68.92,34.58,669.53,92.33,1522.72,0.67,0
51.54,86.45,103.94,16.85,1209.44,76.54,2987.78,0.71,1
60.72,76.58,103.04,24.65,193.93,103.83,2461.04,0.6,0
123.14,80.86,95.52,40.65,1350.95,129.48,1396.25,0.87,1
123.15,72.32,103.9,10.28,890.75,97.23,1796.96,0.47,1
84.57,42.29,61.54,27.58,1488.23,238.25,2170.58,0.95,1
63.4,85.38,87.42,16.34,1326.0,200.97,2951.07,0.92,1
110.49,92.52,110.53,29.54,321.54,330.46,1608.53,0.54,0
67.64,108.39,117.52,43.42,504.51,267.55,1578.99,0.44,0
99.2,96.4,106.69,26.47,1049.92,195.0,2955.37,0.83,0
122.61,95.53,73.67,15.07,1221.64,268.33,1813.02,0.83,1
64.48,81.67,77.76,35.33,368.48,141.51,1720.15,0.7,0
105.68,81.26,111.33,45.26,411.71,155.38,2948.21,0.67,0
93.74,74.48,85.13,38.22,409.57,298.03,2442.65,0.8,0
100.58,66.02,71.92,48.72,168.82,205.69,1760.23,0.47,0
73.64,65.14,59.63,20.14,934.44,231.67,1740.3,0.77,1
77.81,50.64,96.59,34.13,1073.5,325.46,1504.65,0.57,1
103.75,99.85,87.52,18.24,720.08,97.21,2666.38,0.36,0
102.36,90.31,68.27,47.51,1285.18,193.09,2727.37,0.39,0
70.14,77.86,60.77,24.47,1084.94,204.06,2933.45,0.76,0
58.84,107.55,76.91,29.9,807.04,167.05,2252.8,0.69,0
86.35,48.39,110.97,34.55,1395.37,265.93,1323.22,0.29,1
114.76,72.13,88.85,45.18,1353.09,249.41,2238.11,0.69,1
57.33,100.57,121.79,33.19,820.9,173.85,2898.4,0.72,0
88.39,45.29,94.65,45.98,408.15,120.94,2695.45,0.39,0
92.89,93.52,91.1,13.2,533.05,82.25,1328.12,0.92,0
77.67,106.7,111.23,30.2,1407.4,131.86,1423.56,0.43,0
67.22,103.64,113.88,37.52,249.07,310.95,1770.73,0.86,0
99.11,72.48,115.57,46.97,395.62,234.21,1444.09,0.47,0
105.07,43.62,108.25,27.18,626.46,85.39,2906.29,0.83,1
58.37,45.19,98.47,29.5,1221.98,111.26,2536.31,0.37,1
87.49,83.84,61.2,26.23,634.77,176.84,2096.59,0.29,0
59.38,82.39,105.77,20.61,447.95,321.69,1875.69,0.36,0
89.41,49.74,54.77,17.65,298.26,201.27,1554.44,0.5,0
97.06,82.25,112.15,44.13,723.03,76.13,1366.19,0.32,0
74.95,62.23,95.17,35.79,1101.89,104.32,2560.82,0.53,1
60.47,79.01,127.36,49.03,472.36,299.82,1614.78,0.4,0
95.26,77.68,111.31,20.59,816.05,287.16,1455.78,0.53,1
124.36,60.99,75.67,26.6,1283.32,85.33,1491.59,0.31,1
85.89,107.6,91.38,10.09,732.09,326.61,2105.02,0.87,0
50.97,55.94,122.56,36.32,408.18,232.33,2499.35,0.91,0
93.35,95.77,87.87,17.47,835.5,112.92,1329.19,0.8,0
119.89,62.14,69.88,14.07,426.27,182.13,2845.91,0.63,1
128.17,71.86,112.22,43.46,1396.1,111.68,2200.83,0.92,1
95.36,41.34,104.98,42.72,751.05,91.11,1564.27,0.24,1
122.43,109.16,80.57,30.48,813.61,242.8,2950.82,0.84,0
52.66,103.12,57.74,47.94,665.75,196.1,1795.57,0.77,0
108.36,100.95,115.81,43.54,1242.15,335.37,1474.77,0.63,0
70.65,58.17,50.73,32.45,626.31,264.37,2033.32,0.87,0
125.43,90.35,97.48,10.72,1054.04,85.85,1493.89,0.76,1
110.89,55.43,129.65,45.51,1410.6,75.04,1475.95,0.34,1
97.39,86.17,89.87,45.01,1061.47,237.19,1805.48,0.46,0
78.99,43.14,83.08,34.76,917.91,319.73,1981.01,0.81,1
51.47,94.64,122.76,22.69,223.21,323.72,2248.68,0.82,0
61.17,89.52,97.69,10.92,516.49,299.81,1965.27,0.56,0
59.31,41.75,54.5,44.84,1088.73,264.23,2823.23,0.7,1
113.62,55.98,117.51,13.59,400.64,200.33,2708.52,0.62,1
81.95,104.45,97.02,23.06,1410.89,243.77,2578.1,0.65,0
87.94,66.17,92.21,29.73,634.74,230.78,1305.97,0.9,0
50.75,104.15,95.27,18.4,1347.8,142.06,2438.9,0.75,1
78.01,70.35,53.19,45.59,629.47,347.07,2084.82,0.22,0
50.4,79.44,128.67,14.02,499.57,102.56,1889.04,0.69,0
84.6,87.49,78.36,40.03,401.01,211.27,2510.24,0.3,0
74.26,105.48,113.65,10.21,1099.72,210.7,1676.83,0.81,0
80.45,56.62,118.07,40.79,737.45,167.59,1578.87,0.69,0
56.16,59.45,63.3,27.83,735.98,294.66,1372.02,0.69,0
104.12,88.36,81.27,26.19,1319.78,159.47,1490.74,0.22,1
111.7,56.72,84.32,22.93,953.34,130.73,1621.91,0.67,1
117.55,91.44,124.89,13.51,305.66,105.75,2118.86,0.43,0
89.15,43.63,84.43,18.33,911.35,173.17,1608.12,0.36,1
51.94,108.17,113.3,49.31,193.28,101.12,1647.25,0.91,0
58.11,47.07,86.67,39.14,1040.44,94.11,2757.61,0.88,0
67.97,87.87,100.4,44.76,1235.42,122.48,2553.73,0.91,0
78.82,76.16,122.64,22.79,365.11,261.23,2098.66,0.25,0
113.66,44.97,81.34,17.8,137.03,193.37,1961.58,0.66,0
59.08,45.44,51.11,32.37,1224.26,337.1,2329.47,0.62,1
103.49,66.54,73.86,22.37,948.7,276.2,1657.71,0.29,1
115.19,72.5,121.51,11.25,591.9,93.68,2171.63,0.25,1
121.29,90.55,78.44,48.76,339.54,111.36,1861.53,0.89,0
68.95,97.57,129.81,36.55,201.18,144.77,1905.91,0.38,0
53.21,56.91,105.43,47.63,1298.8,312.24,2152.9,0.7,0
99.2,94.17,59.21,14.82,219.84,262.42,2968.94,0.55,0
103.8,42.17,76.83,40.48,1164.99,190.02,2627.66,0.98,1
77.86,105.05,118.73,26.81,484.18,237.33,1521.32,0.53,0
112.7,99.13,92.64,45.4,158.23,108.44,1508.89,0.26,0
121.53,76.35,103.18,10.37,766.32,293.89,1379.28,0.35,1
97.22,56.13,120.76,26.64,1125.21,76.57,2239.67,0.41,1
124.38,52.9,55.55,46.93,1463.24,268.72,1754.77,0.35,1
89.76,42.44,96.3,30.01,154.95,293.66,2469.21,0.5,0
56.83,95.13,125.82,26.65,1406.36,236.54,2903.38,0.49,0
91.61,64.42,124.62,23.36,1380.42,194.73,2126.92,0.45,1
72.98,87.32,50.96,17.32,284.53,221.4,2446.55,0.96,0
104.78,54.03,89.7,13.39,314.71,293.98,1938.79,0.23,0
125.88,99.39,79.77,46.43,1260.85,211.17,2342.22,0.49,1
108.53,40.37,126.71,36.2,617.84,200.11,2115.37,0.39,1
115.75,63.83,112.59,14.59,130.99,212.7,1863.87,0.55,0
83.58,51.6,82.0,45.8,1359.23,188.71,2045.9,0.2,1
58.33,44.98,64.41,28.62,547.51,240.06,2130.55,0.57,0
111.54,92.99,116.59,39.44,1292.64,159.55,2416.6,0.93,1
58.45,101.94,71.25,11.24,341.65,249.91,1487.04,0.55,0
79.51,107.49,104.6,16.87,946.28,254.74,1708.55,0.61,0
117.07,96.31,114.81,12.67,852.38,188.51,1327.49,0.6,1
99.27,86.8,78.25,12.92,1154.18,194.52,2680.46,0.24,1
103.08,100.08,93.31,23.49,181.95,120.98,2288.28,0.89,0
105.68,49.2,64.17,47.34,518.14,221.33,1666.42,0.78,1
97.53,88.48,118.93,19.03,733.25,221.9,1392.72,0.83,0
120.24,43.47,72.89,32.45,1077.3,114.73,1344.13,0.75,1
110.4,64.83,61.51,26.42,209.94,221.29,1422.86,0.88,0
99.93,91.05,92.76,18.02,1321.45,130.68,2993.45,0.79,1
70.79,68.78,128.4,39.67,529.51,86.77,2453.33,0.25,0
127.74,100.07,94.53,42.07,503.03,227.19,2748.8,0.65,0
129.24,66.22,64.82,13.53,948.42,318.75,2460.66,0.21,1
64.96,68.3,128.06,12.91,363.28,141.91,2026.25,0.5,0
95.75,40.79,88.71,33.93,788.51,225.73,2607.69,0.73,1
85.79,86.65,126.19,23.52,1232.57,338.85,1666.06,0.35,0
55.26,52.27,121.0,35.36,970.84,241.68,1669.72,0.87,0
71.71,75.88,66.83,23.33,459.97,85.38,2648.09,0.97,0
126.89,106.57,53.45,13.42,1326.81,155.18,1554.38,0.66,1
107.28,74.83,98.08,17.71,232.84,198.67,2359.54,0.22,0
72.79,72.98,123.47,41.33,1431.32,246.85,2105.43,0.61,0
60.25,105.28,120.93,34.23,1346.03,236.89,2937.06,0.92,0
107.41,53.75,101.29,12.97,1207.41,261.65,1703.12,0.23,1
59.08,54.89,103.8,18.4,314.12,204.39,2813.53,0.45,0
78.45,89.08,67.28,15.06,1026.13,120.62,1703.15,0.82,1
65.62,86.75,51.67,25.15,235.68,294.88,2104.26,0.94,0
64.81,87.09,81.49,11.55,1379.01,221.58,2956.34,0.6,1
93.33,108.94,68.16,35.97,329.86,190.58,2183.07,0.57,0
81.45,81.89,101.28,49.44,276.12,292.36,1440.0,0.21,0
64.93,83.07,82.53,49.57,439.06,243.46,2663.51,0.25,0
120.95,90.03,75.6,14.74,927.53,161.42,2202.95,0.32,1
81.08,42.22,98.77,33.97,239.62,284.31,1703.43,0.47,0
119.61,67.83,76.76,18.21,1434.37,186.74,2968.26,0.48,1
59.62,80.08,73.51,15.53,507.71,182.01,1313.77,0.37,0
113.78,78.26,76.99,27.19,1426.83,133.83,2095.32,0.87,1
97.56,65.3,116.11,10.05,302.32,321.0,1647.25,0.37,0
125.91,108.04,129.41,19.35,252.99,321.15,2224.62,0.4,0
119.74,93.66,82.4,29.29,962.71,138.77,2271.4,0.24,1
74.5,50.53,115.72,31.1,293.73,270.29,1878.38,0.81,0
78.13,58.8,101.71,32.41,1414.75,134.46,1519.61,0.49,1
109.66,99.09,57.93,11.77,1384.29,267.98,2176.75,0.36,1
63.73,89.65,89.12,47.9,953.22,194.1,2418.52,0.26,0
97.3,74.92,122.74,19.42,920.66,319.68,2646.83,0.56,1
122.2,45.02,91.48,45.3,1404.15,151.65,2197.7,0.54,1
109.42,73.17,126.86,30.5,181.62,174.86,2261.25,0.78,0
100.55,51.16,51.68,25.13,144.64,334.5,1958.47,0.8,0
125.57,81.52,93.58,36.03,552.47,79.87,2713.44,0.55,0
129.98,97.99,65.89,46.07,125.24,283.67,2410.56,0.99,0
129.2,82.13,120.66,44.06,356.84,262.03,1998.77,0.86,0
129.02,81.84,127.8,30.15,618.0,157.56,2915.94,0.95,1
76.2,85.09,60.53,45.79,471.05,334.91,2986.28,0.69,0
69.94,62.17,103.11,17.14,946.13,136.22,2740.86,0.44,0
63.44,77.66,55.22,31.69,243.35,197.0,1350.63,0.66,0
63.41,46.64,127.34,37.62,511.6,199.46,2420.02,0.32,0
80.16,45.29,99.71,47.54,927.06,128.67,2571.75,0.49,1
119.29,94.37,82.68,12.92,460.31,252.06,2778.68,0.68,0
79.42,92.77,53.12,36.61,536.49,271.36,1578.19,0.47,0
83.7,69.37,79.5,43.26,1159.39,337.35,1983.26,0.59,1
115.02,70.83,82.77,33.81,351.52,148.33,1505.94,0.48,0
127.21,83.37,96.12,24.71,1188.06,175.39,2654.75,0.65,1
60.31,87.78,60.46,11.97,1167.92,321.3,2600.61,0.34,1
125.13,58.8,64.86,47.19,157.1,255.02,2998.04,0.27,0
54.65,109.31,104.15,12.9,773.0,131.69,1621.87,0.2,0
119.91,65.85,114.41,45.3,444.05,136.19,2803.6,0.56,0
71.67,64.17,112.68,42.35,811.95,160.11,2523.43,0.39,0
89.55,72.1,108.29,20.49,116.14,165.03,2092.14,0.28,0
79.94,93.33,67.97,38.91,1015.63,309.57,2852.52,0.32,0
82.06,70.56,75.1,31.29,117.86,98.6,2186.42,0.79,0
84.32,41.78,56.18,23.18,729.88,253.12,1565.64,0.23,1
71.52,54.3,66.32,20.25,735.26,150.1,2569.51,0.74,1
100.67,85.8,98.07,20.79,671.53,100.92,2992.53,0.43,0
124.56,57.5,124.83,40.85,1046.6,235.55,1618.15,0.61,1
72.87,69.24,63.0,22.13,1004.33,154.18,1537.61,0.34,0
89.16,97.82,78.53,12.52,1420.23,89.61,2444.77,0.34,1
68.49,63.21,66.33,40.69,919.17,178.0,2583.74,0.86,0
127.43,80.43,54.53,30.64,1075.51,216.78,1732.23,0.74,1
69.4,93.27,102.99,33.49,739.83,282.65,2678.13,0.53,0
125.58,89.08,65.6,35.92,561.09,272.57,1686.23,0.4,1
93.15,101.77,107.18,36.88,841.77,282.43,2592.0,0.23,0
106.16,84.39,60.15,43.75,657.32,174.13,2441.79,0.84,0
121.56,97.17,97.79,18.41,961.3,164.33,2024.86,0.94,1
56.45,105.13,51.12,41.28,881.52,237.05,1944.45,0.47,0
85.12,75.52,72.17,24.47,767.46,343.51,2344.62,0.38,0
52.96,53.93,74.22,36.67,587.52,150.05,1818.39,0.72,0
97.63,65.1,58.69,12.87,162.83,89.75,2178.31,0.52,0
88.45,76.5,104.65,36.76,773.78,264.25,2805.25,0.42,0
128.59,60.12,120.91,44.35,555.7,287.25,2580.44,0.23,1
119.66,94.46,113.52,13.15,445.36,198.78,2264.18,0.72,0
71.2,55.86,115.67,14.14,452.59,128.33,1831.26,0.69,0
121.36,60.81,87.29,41.23,925.06,128.28,2235.5,0.2,1
54.12,74.59,108.32,35.0,549.31,310.94,1519.99,0.31,0
68.4,92.57,95.15,33.43,609.46,189.32,2014.91,0.23,0
96.69,80.41,89.05,24.87,1492.0,220.37,2414.51,0.81,1
119.77,81.55,75.63,21.42,664.97,168.74,2919.12,0.87,1
61.0,75.89,74.46,22.75,232.68,275.09,1479.82,0.41,0
114.05,107.76,111.96,16.43,1428.19,86.64,1850.54,0.46,0
129.75,57.57,61.3,27.95,1020.08,319.5,2802.92,0.99,1
50.44,54.34,97.54,16.75,1125.81,249.79,1553.46,0.48,1
91.02,98.79,59.44,15.08,1083.03,166.39,1480.72,0.52,1
91.62,68.5,103.51,15.78,643.37,156.54,2392.98,0.65,1
117.59,61.44,80.62,39.65,339.06,124.06,1408.67,0.88,0
96.9,108.68,126.27,22.14,180.9,168.21,1596.41,0.49,0
78.81,51.95,78.2,42.49,414.84,123.12,2251.94,0.39,0
61.8,82.17,50.57,39.15,477.71,149.92,2026.61,0.74,0
60.95,75.97,99.86,15.46,1194.13,90.99,2197.45,0.24,1
63.88,96.1,106.98,12.94,810.35,221.88,2070.33,0.93,0
73.37,105.58,103.79,44.25,1221.89,325.06,2753.36,0.48,0
103.77,49.94,93.22,39.73,1096.81,138.01,1323.22,0.9,1
75.44,107.7,105.83,10.16,265.11,319.93,2311.45,0.72,0
103.22,44.05,107.92,47.34,452.9,283.05,2368.44,0.33,0
112.59,51.88,78.77,23.37,604.2,310.84,2052.2,0.87,1
111.97,62.97,108.55,39.1,377.77,292.23,1975.16,0.66,0
110.82,68.17,128.85,22.11,150.45,142.12,2541.13,0.28,0
96.57,103.97,106.06,29.46,121.9,117.2,1918.5,0.26,0
56.16,69.27,72.5,29.01,1148.9,208.19,2764.78,0.9,0
63.86,45.61,115.64,36.04,351.72,114.07,1880.04,0.31,0
71.54,106.55,110.15,13.42,949.12,281.47,2000.23,0.76,0
63.67,41.03,125.36,44.58,346.67,143.02,1975.67,0.77,0
93.6,57.87,83.81,35.09,1228.42,333.08,2804.17,0.41,1
93.13,70.78,73.41,20.38,1428.7,264.74,1441.47,0.61,1
108.92,108.41,93.57,41.99,1277.9,99.36,2702.41,0.65,0
101.39,88.16,99.16,40.9,1269.32,203.11,2713.67,0.46,0
81.76,83.06,127.02,29.08,998.35,177.26,1643.06,0.4,0
75.35,98.05,90.47,10.72,971.84,185.79,2209.63,0.86,0
111.56,74.5,93.54,31.74,412.13,294.64,2460.69,0.96,0
81.91,83.58,64.54,47.86,749.15,306.15,2880.97,0.88,0
108.12,84.09,114.07,22.66,357.66,229.1,1647.86,0.61,0
93.25,75.89,110.41,29.41,1092.15,110.19,1885.65,0.27,1
104.66,100.11,114.15,20.11,801.57,288.58,2367.74,0.84,0
52.49,66.9,70.17,31.86,701.44,278.54,2969.85,0.23,0
82.35,93.37,87.52,39.23,669.19,87.25,1588.51,0.52,0
113.99,52.71,120.47,32.64,1259.26,81.98,2897.12,0.63,1
64.52,87.18,92.26,26.19,147.3,238.38,2718.23,0.63,0
80.42,102.82,74.82,32.27,629.16,224.47,1505.73,0.73,0
70.64,85.72,60.66,10.88,504.33,251.01,1423.56,0.65,0
65.66,99.68,58.5,34.38,973.28,278.51,1378.8,0.57,0
70.7,100.21,82.9,38.01,731.38,285.13,2534.95,0.35,0
129.87,56.2,53.59,45.75,332.68,303.86,2937.44,0.32,0
51.16,45.1,53.94,33.08,1334.6,138.53,2833.73,0.86,1
128.69,71.0,57.44,27.04,337.59,144.5,1834.34,0.49,0
66.92,94.73,118.68,29.78,485.63,205.68,2598.79,0.81,0
119.05,41.9,105.39,27.89,539.3,236.82,2287.55,0.35,1
57.45,58.22,110.28,37.9,1322.75,248.36,2308.56,0.54,0
92.82,102.69,69.49,16.33,583.25,221.67,1433.93,0.57,0
91.82,80.43,51.09,12.09,216.25,237.01,1601.26,0.65,0
119.07,91.62,100.54,36.75,400.63,349.82,2505.22,0.88,0
96.67,107.24,120.07,47.55,794.15,135.5,1361.63,0.79,0
119.15,55.37,105.34,34.53,126.43,220.5,1702.78,0.5,0
105.74,100.03,55.69,31.2,338.95,269.71,2276.08,0.67,0
72.56,65.98,126.78,32.29,1465.74,110.88,2584.71,0.85,0
100.65,79.23,108.42,47.5,390.2,319.38,2300.95,0.85,0
53.66,64.81,66.38,42.51,1272.11,110.26,2249.76,0.4,0
77.69,92.55,68.83,47.5,811.64,120.17,2900.07,0.86,0
112.37,40.58,83.74,19.47,1411.19,276.12,1860.54,0.74,1
52.03,74.55,59.95,36.83,140.84,337.19,1897.07,0.72,0
108.47,41.65,123.66,21.65,794.0,141.64,1399.33,0.47,1
69.88,84.16,110.37,16.56,832.42,268.88,2013.78,0.21,0
86.49,69.32,103.85,13.63,422.12,277.42,2047.14,0.67,0
90.91,106.54,98.14,33.63,828.92,328.61,1860.51,0.35,0
123.82,105.04,90.05,39.89,499.74,91.17,2274.48,0.94,0
61.59,89.84,106.97,12.01,244.41,152.06,1534.65,0.53,0
92.11,73.88,72.3,11.57,1227.02,240.58,1636.0,0.22,1
55.55,91.04,64.76,43.21,258.34,241.74,2729.51,0.82,0
122.87,99.78,108.77,40.86,100.57,199.57,2431.19,0.91,0
61.71,56.41,97.49,33.72,1285.17,330.2,1586.57,0.27,0
113.58,88.58,110.5,30.36,663.32,87.09,2875.05,0.25,0
57.73,95.48,93.72,46.05,166.62,169.3,2817.75,0.91,0
106.72,55.41,84.63,11.62,1147.25,81.35,2346.85,0.72,1
103.2,88.8,54.1,28.95,1253.73,287.18,2744.02,0.32,1
118.46,88.55,54.46,46.03,1264.5,100.27,2180.0,0.57,1
82.79,67.5,125.77,22.6,898.97,307.97,2281.58,0.83,0
55.92,71.59,72.07,31.76,919.27,196.59,2231.38,0.3,0
105.03,64.98,104.13,33.7,1119.86,99.93,1700.59,0.54,1
85.32,48.13,68.95,47.9,263.63,163.99,2079.91,0.77,0
102.63,81.95,75.35,24.73,781.82,167.5,2579.88,0.44,1
74.94,40.55,128.95,16.39,1039.92,187.16,2354.95,0.91,1
96.67,79.86,60.82,20.72,1224.96,325.65,2622.25,0.23,1
91.25,109.35,57.09,28.4,364.42,247.53,2889.63,0.98,0
94.34,70.19,100.52,33.08,132.35,92.89,1733.3,0.46,0
102.0,75.44,77.05,24.58,691.42,303.3,2322.5,0.59,1
119.48,62.77,126.16,47.38,837.9,272.12,2780.51,0.79,1
71.85,59.27,114.41,16.47,1439.79,181.47,2601.1,0.95,1
51.15,82.27,85.19,31.52,1224.31,99.48,2800.07,0.29,0
98.95,107.44,82.9,26.72,797.02,123.69,1980.37,0.86,0
55.37,85.96,128.5,19.07,1388.16,212.77,1682.6,0.87,1
97.44,64.21,103.31,14.85,396.84,349.39,2552.04,0.66,0
52.12,103.17,67.64,31.62,494.7,291.2,2678.97,0.99,0
105.2,58.43,117.5,36.02,562.41,94.63,1993.49,0.46,1
96.41,108.14,90.33,26.6,223.93,317.93,2237.98,0.81,0
127.27,82.8,73.59,49.87,1193.03,111.28,2908.2,0.44,1
82.55,86.74,118.67,36.03,1372.97,263.75,2733.85,0.7,0
